-- ============================================================================
-- Enterprise Digital Evidence Management System (DEMS)
-- Phase 6: Sample Data (INSERT statements)
-- Generated programmatically for referential + temporal consistency
-- ============================================================================
USE dems_db;
SET FOREIGN_KEY_CHECKS = 0;

-- ----------------------------------------------------------------------------
-- 1. departments (head_investigator_id set later after investigators exist)
-- ----------------------------------------------------------------------------
INSERT INTO departments (department_id, department_name, department_code, contact_email, contact_phone) VALUES (1, 'Digital Forensics Lab', 'DFL', 'dfl@cybercrimeunit.gov', '+1-555-0111');
INSERT INTO departments (department_id, department_name, department_code, contact_email, contact_phone) VALUES (2, 'Financial Fraud Unit', 'FFU', 'ffu@cybercrimeunit.gov', '+1-555-0112');
INSERT INTO departments (department_id, department_name, department_code, contact_email, contact_phone) VALUES (3, 'Network Intrusion Unit', 'NIU', 'niu@cybercrimeunit.gov', '+1-555-0113');
INSERT INTO departments (department_id, department_name, department_code, contact_email, contact_phone) VALUES (4, 'Cybercrime Legal Division', 'CLD', 'cld@cybercrimeunit.gov', '+1-555-0114');
INSERT INTO departments (department_id, department_name, department_code, contact_email, contact_phone) VALUES (5, 'Malware Analysis Unit', 'MAU', 'mau@cybercrimeunit.gov', '+1-555-0115');
INSERT INTO departments (department_id, department_name, department_code, contact_email, contact_phone) VALUES (6, 'Child Exploitation Investigations Unit', 'CEIU', 'ceiu@cybercrimeunit.gov', '+1-555-0116');

-- ----------------------------------------------------------------------------
-- 2. roles
-- ----------------------------------------------------------------------------
INSERT INTO roles (role_id, role_name, role_description, access_level) VALUES (1, 'Administrator', 'Full system access', 5);
INSERT INTO roles (role_id, role_name, role_description, access_level) VALUES (2, 'Supervisor', 'Department oversight and reporting', 4);
INSERT INTO roles (role_id, role_name, role_description, access_level) VALUES (3, 'Investigator', 'Case and evidence handling', 3);
INSERT INTO roles (role_id, role_name, role_description, access_level) VALUES (4, 'Evidence Custodian', 'Manages storage and chain of custody', 3);
INSERT INTO roles (role_id, role_name, role_description, access_level) VALUES (5, 'Auditor', 'Read-only audit and compliance access', 2);

-- ----------------------------------------------------------------------------
-- 3. evidence_categories
-- ----------------------------------------------------------------------------
INSERT INTO evidence_categories (category_id, category_name, category_description) VALUES (1, 'Digital File', 'Digital File related evidence');
INSERT INTO evidence_categories (category_id, category_name, category_description) VALUES (2, 'Communication Record', 'Communication Record related evidence');
INSERT INTO evidence_categories (category_id, category_name, category_description) VALUES (3, 'Network Log', 'Network Log related evidence');
INSERT INTO evidence_categories (category_id, category_name, category_description) VALUES (4, 'Physical Media Image', 'Physical Media Image related evidence');
INSERT INTO evidence_categories (category_id, category_name, category_description) VALUES (5, 'Financial Record', 'Financial Record related evidence');
INSERT INTO evidence_categories (category_id, category_name, category_description) VALUES (6, 'System Artifact', 'System Artifact related evidence');

-- ----------------------------------------------------------------------------
-- 4. evidence_types
-- ----------------------------------------------------------------------------
INSERT INTO evidence_types (type_id, category_id, type_name, type_description) VALUES (1, 1, 'Document', 'Document evidence type');
INSERT INTO evidence_types (type_id, category_id, type_name, type_description) VALUES (2, 1, 'Image File', 'Image File evidence type');
INSERT INTO evidence_types (type_id, category_id, type_name, type_description) VALUES (3, 1, 'Executable', 'Executable evidence type');
INSERT INTO evidence_types (type_id, category_id, type_name, type_description) VALUES (4, 1, 'Database Dump', 'Database Dump evidence type');
INSERT INTO evidence_types (type_id, category_id, type_name, type_description) VALUES (5, 1, 'Archive File', 'Archive File evidence type');
INSERT INTO evidence_types (type_id, category_id, type_name, type_description) VALUES (6, 2, 'Email Thread', 'Email Thread evidence type');
INSERT INTO evidence_types (type_id, category_id, type_name, type_description) VALUES (7, 2, 'Chat Log', 'Chat Log evidence type');
INSERT INTO evidence_types (type_id, category_id, type_name, type_description) VALUES (8, 2, 'SMS Export', 'SMS Export evidence type');
INSERT INTO evidence_types (type_id, category_id, type_name, type_description) VALUES (9, 2, 'Call Log', 'Call Log evidence type');
INSERT INTO evidence_types (type_id, category_id, type_name, type_description) VALUES (10, 3, 'Firewall Log', 'Firewall Log evidence type');
INSERT INTO evidence_types (type_id, category_id, type_name, type_description) VALUES (11, 3, 'Router Log', 'Router Log evidence type');
INSERT INTO evidence_types (type_id, category_id, type_name, type_description) VALUES (12, 3, 'Packet Capture', 'Packet Capture evidence type');
INSERT INTO evidence_types (type_id, category_id, type_name, type_description) VALUES (13, 3, 'DNS Log', 'DNS Log evidence type');
INSERT INTO evidence_types (type_id, category_id, type_name, type_description) VALUES (14, 4, 'Disk Image', 'Disk Image evidence type');
INSERT INTO evidence_types (type_id, category_id, type_name, type_description) VALUES (15, 4, 'Memory Dump', 'Memory Dump evidence type');
INSERT INTO evidence_types (type_id, category_id, type_name, type_description) VALUES (16, 4, 'Mobile Backup Image', 'Mobile Backup Image evidence type');
INSERT INTO evidence_types (type_id, category_id, type_name, type_description) VALUES (17, 5, 'Bank Statement Export', 'Bank Statement Export evidence type');
INSERT INTO evidence_types (type_id, category_id, type_name, type_description) VALUES (18, 5, 'Transaction Log', 'Transaction Log evidence type');
INSERT INTO evidence_types (type_id, category_id, type_name, type_description) VALUES (19, 5, 'Cryptocurrency Wallet Log', 'Cryptocurrency Wallet Log evidence type');
INSERT INTO evidence_types (type_id, category_id, type_name, type_description) VALUES (20, 6, 'Registry Hive', 'Registry Hive evidence type');
INSERT INTO evidence_types (type_id, category_id, type_name, type_description) VALUES (21, 6, 'Browser History', 'Browser History evidence type');
INSERT INTO evidence_types (type_id, category_id, type_name, type_description) VALUES (22, 6, 'Event Log', 'Event Log evidence type');

-- ----------------------------------------------------------------------------
-- 5. evidence_status
-- ----------------------------------------------------------------------------
INSERT INTO evidence_status (status_id, status_name, status_order, is_terminal) VALUES (1, 'Collected', 1, 0);
INSERT INTO evidence_status (status_id, status_name, status_order, is_terminal) VALUES (2, 'Under Analysis', 2, 0);
INSERT INTO evidence_status (status_id, status_name, status_order, is_terminal) VALUES (3, 'Analyzed', 3, 0);
INSERT INTO evidence_status (status_id, status_name, status_order, is_terminal) VALUES (4, 'Pending Court', 4, 0);
INSERT INTO evidence_status (status_id, status_name, status_order, is_terminal) VALUES (5, 'Court-Ready', 5, 0);
INSERT INTO evidence_status (status_id, status_name, status_order, is_terminal) VALUES (6, 'Archived', 6, 1);
INSERT INTO evidence_status (status_id, status_name, status_order, is_terminal) VALUES (7, 'Disposed', 7, 1);

-- ----------------------------------------------------------------------------
-- 6. storage_locations
-- ----------------------------------------------------------------------------
INSERT INTO storage_locations (location_id, department_id, location_code, location_name, location_type, security_level, capacity, current_utilization) VALUES (1, 1, 'LOC-001', 'Forensic Storage Server 1', 'digital', 4, 100, 13);
INSERT INTO storage_locations (location_id, department_id, location_code, location_name, location_type, security_level, capacity, current_utilization) VALUES (2, 2, 'LOC-002', 'Evidence Locker 2', 'physical', 3, 150, 67);
INSERT INTO storage_locations (location_id, department_id, location_code, location_name, location_type, security_level, capacity, current_utilization) VALUES (3, 3, 'LOC-003', 'Forensic Storage Server 3', 'digital', 2, 100, 79);
INSERT INTO storage_locations (location_id, department_id, location_code, location_name, location_type, security_level, capacity, current_utilization) VALUES (4, 4, 'LOC-004', 'Evidence Locker 4', 'physical', 2, 500, 226);
INSERT INTO storage_locations (location_id, department_id, location_code, location_name, location_type, security_level, capacity, current_utilization) VALUES (5, 5, 'LOC-005', 'Forensic Storage Server 5', 'digital', 3, 100, 21);
INSERT INTO storage_locations (location_id, department_id, location_code, location_name, location_type, security_level, capacity, current_utilization) VALUES (6, 6, 'LOC-006', 'Evidence Locker 6', 'physical', 2, 150, 139);
INSERT INTO storage_locations (location_id, department_id, location_code, location_name, location_type, security_level, capacity, current_utilization) VALUES (7, 1, 'LOC-007', 'Forensic Storage Server 7', 'digital', 5, 500, 111);
INSERT INTO storage_locations (location_id, department_id, location_code, location_name, location_type, security_level, capacity, current_utilization) VALUES (8, 2, 'LOC-008', 'Evidence Locker 8', 'physical', 4, 150, 124);
INSERT INTO storage_locations (location_id, department_id, location_code, location_name, location_type, security_level, capacity, current_utilization) VALUES (9, 3, 'LOC-009', 'Forensic Storage Server 9', 'digital', 5, 100, 30);
INSERT INTO storage_locations (location_id, department_id, location_code, location_name, location_type, security_level, capacity, current_utilization) VALUES (10, 4, 'LOC-010', 'Evidence Locker 10', 'physical', 3, 200, 81);
INSERT INTO storage_locations (location_id, department_id, location_code, location_name, location_type, security_level, capacity, current_utilization) VALUES (11, 5, 'LOC-011', 'Forensic Storage Server 11', 'digital', 2, 150, 96);
INSERT INTO storage_locations (location_id, department_id, location_code, location_name, location_type, security_level, capacity, current_utilization) VALUES (12, 6, 'LOC-012', 'Evidence Locker 12', 'physical', 2, 100, 58);

-- ----------------------------------------------------------------------------
-- 7. users
-- ----------------------------------------------------------------------------
INSERT INTO users (user_id, username, email, password_hash, role_id, account_status, last_login, created_at) VALUES (1, 'mthompson', 'mthompson@cybercrimeunit.gov', '2a9fba131908e03e95050deeb413df95997e8a20ad6d623c1d16d6d34533689e', 3, 'active', '2026-05-05 05:14:48', '2025-07-29');
INSERT INTO users (user_id, username, email, password_hash, role_id, account_status, last_login, created_at) VALUES (2, 'kdavis', 'kdavis@cybercrimeunit.gov', '4eea0b3bc0bdbb7a3ad0b14cb6adcf489cd0b13ad76e74a08d8dee126b8f1b01', 3, 'disabled', '2026-06-06 18:02:56', '2023-06-11');
INSERT INTO users (user_id, username, email, password_hash, role_id, account_status, last_login, created_at) VALUES (3, 'ejackson', 'ejackson@cybercrimeunit.gov', '8234db8a71358cb7a9b568ae1567e9586d3297490d24900b15b281a0a7cc9997', 3, 'active', '2026-06-30 01:15:19', '2025-01-10');
INSERT INTO users (user_id, username, email, password_hash, role_id, account_status, last_login, created_at) VALUES (4, 'ggonzalez', 'ggonzalez@cybercrimeunit.gov', 'bdb0625b4f56ca3cbf966ccc4abba8c7232008e29e73c7731df03b6708a8b465', 3, 'active', '2026-05-05 10:46:42', '2024-04-11');
INSERT INTO users (user_id, username, email, password_hash, role_id, account_status, last_login, created_at) VALUES (5, 'sjackson', 'sjackson@cybercrimeunit.gov', '3b3b4166e05989209f41f33045baee709aba2b211beadceeb0a1ee4156b8966a', 3, 'disabled', '2026-05-23 14:26:31', '2023-07-26');
INSERT INTO users (user_id, username, email, password_hash, role_id, account_status, last_login, created_at) VALUES (6, 'amoore', 'amoore@cybercrimeunit.gov', '1e5162012695de3d5a50c0359a71dc13d6128bceee80b22c681016584bb67252', 3, 'active', '2026-06-05 10:07:14', '2023-11-30');
INSERT INTO users (user_id, username, email, password_hash, role_id, account_status, last_login, created_at) VALUES (7, 'lthompson', 'lthompson@cybercrimeunit.gov', '7fb60724c00c52521701514ba5df61f4e70c4cddcd05e39f28d169fb2e95f44d', 3, 'active', '2026-05-26 22:06:12', '2023-05-27');
INSERT INTO users (user_id, username, email, password_hash, role_id, account_status, last_login, created_at) VALUES (8, 'jhernandez', 'jhernandez@cybercrimeunit.gov', '0276406f067a0574b4b781cc98524e061135e84b9f6e25c0a76a3fd24f30f3d8', 3, 'active', '2026-05-24 18:27:02', '2023-12-01');
INSERT INTO users (user_id, username, email, password_hash, role_id, account_status, last_login, created_at) VALUES (9, 'sharris', 'sharris@cybercrimeunit.gov', '42a0bb591737cfcc6fe40b4ae2fef97108c63d7f8000cdc456fdcfb73033276c', 3, 'active', '2026-07-02 03:18:27', '2024-03-25');
INSERT INTO users (user_id, username, email, password_hash, role_id, account_status, last_login, created_at) VALUES (10, 'alee', 'alee@cybercrimeunit.gov', '555390cbd5f3e97c8c5524a2eb05cfd915890d701b442269240841bb7eb417bb', 3, 'active', '2026-05-06 10:20:41', '2024-04-14');
INSERT INTO users (user_id, username, email, password_hash, role_id, account_status, last_login, created_at) VALUES (11, 'jlee', 'jlee@cybercrimeunit.gov', '710a0d4ff15905281ce23f1e96fb89554622ea5ac20ec1c4c463e5b9e49ce8e6', 3, 'active', '2026-05-07 10:13:50', '2024-03-08');
INSERT INTO users (user_id, username, email, password_hash, role_id, account_status, last_login, created_at) VALUES (12, 'glee', 'glee@cybercrimeunit.gov', 'f0352cb7c4753cd64784489ca87f7c771e1085541a4d722f494e5710c6014ebc', 3, 'active', '2026-06-18 11:17:35', '2025-03-21');
INSERT INTO users (user_id, username, email, password_hash, role_id, account_status, last_login, created_at) VALUES (13, 'crobinson', 'crobinson@cybercrimeunit.gov', '96d0635bd256d63fcf65f388c379b89f85cdba4d78e108839ade1a4e97ad4d4a', 3, 'active', '2026-05-14 13:21:44', '2024-05-20');
INSERT INTO users (user_id, username, email, password_hash, role_id, account_status, last_login, created_at) VALUES (14, 'dscott', 'dscott@cybercrimeunit.gov', 'c67437874c5bfafd3dbe0ffca3e95c15426df823655936ccba0e17d34b603496', 3, 'active', '2026-06-26 18:11:02', '2025-05-27');
INSERT INTO users (user_id, username, email, password_hash, role_id, account_status, last_login, created_at) VALUES (15, 'dsanchez', 'dsanchez@cybercrimeunit.gov', '026316d21725137188ce8b57b2ce4a875331796cbdf5f5ed43448e5141b7d232', 3, 'active', '2026-05-14 10:20:10', '2025-11-09');
INSERT INTO users (user_id, username, email, password_hash, role_id, account_status, last_login, created_at) VALUES (16, 'agarcia', 'agarcia@cybercrimeunit.gov', '2758a8967ad520133f6dfac7b171bd47a0fd824da298a5ab8c959ce97f7b26f7', 3, 'active', '2026-05-11 15:30:03', '2023-11-10');
INSERT INTO users (user_id, username, email, password_hash, role_id, account_status, last_login, created_at) VALUES (17, 'khernandez', 'khernandez@cybercrimeunit.gov', '434375d0e72e15e8be058b8ed11607ff111c0f781684bf37f9dd0e4272ccaca2', 3, 'active', '2026-06-10 23:42:14', '2023-05-11');
INSERT INTO users (user_id, username, email, password_hash, role_id, account_status, last_login, created_at) VALUES (18, 'aharris', 'aharris@cybercrimeunit.gov', '33e3dd51c0a56b49a592390e95b2e1b61e374965974aecf53a29ecc8bae6d9ee', 3, 'active', '2026-06-15 10:38:07', '2025-12-19');
INSERT INTO users (user_id, username, email, password_hash, role_id, account_status, last_login, created_at) VALUES (19, 'tscott', 'tscott@cybercrimeunit.gov', 'eda23e7d1cc3075215a693d96e90ea02efcf04a84971c938d8154587cf2494b4', 3, 'active', '2026-05-02 02:45:09', '2023-08-23');
INSERT INTO users (user_id, username, email, password_hash, role_id, account_status, last_login, created_at) VALUES (20, 'awright', 'awright@cybercrimeunit.gov', '4ba7cf8d16ad56b4f3a9973ab79b66cd3cd2fd887cd9fd752c8902cc229d0776', 3, 'active', '2026-07-02 05:32:57', '2024-11-27');
INSERT INTO users (user_id, username, email, password_hash, role_id, account_status, last_login, created_at) VALUES (21, 'ljackson', 'ljackson@cybercrimeunit.gov', '9d723c46944bd594574af0de994457ea9cf8665008a27eacb861bbd6ae04b4d6', 3, 'active', '2026-06-14 01:15:10', '2023-01-07');
INSERT INTO users (user_id, username, email, password_hash, role_id, account_status, last_login, created_at) VALUES (22, 'rtaylor', 'rtaylor@cybercrimeunit.gov', '3c3006595d263ad9f8522b93c98fc8676e7892fde5bfc708da67cd35eee495ab', 3, 'disabled', '2026-05-18 08:17:20', '2025-11-05');
INSERT INTO users (user_id, username, email, password_hash, role_id, account_status, last_login, created_at) VALUES (23, 'mmartin', 'mmartin@cybercrimeunit.gov', '5e67387f0d03974a21e909e87b542327d328e9d9a1069221cc801aa4e280ac4a', 3, 'active', '2026-06-19 06:56:24', '2024-02-12');
INSERT INTO users (user_id, username, email, password_hash, role_id, account_status, last_login, created_at) VALUES (24, 'ewhite', 'ewhite@cybercrimeunit.gov', '2f2abfba961c7468eea60a1a0b8fa6074ecb4a2f59e2a4e89b4c13f6b4e0581e', 3, 'active', '2026-06-22 08:50:39', '2025-12-22');
INSERT INTO users (user_id, username, email, password_hash, role_id, account_status, last_login, created_at) VALUES (25, 'jhill', 'jhill@cybercrimeunit.gov', 'b36ab7d6fcf8b83cd4ba469123f6d6cf236914b3f00b1381b301945ea7ae34f6', 3, 'active', '2026-05-02 21:23:02', '2023-08-18');
INSERT INTO users (user_id, username, email, password_hash, role_id, account_status, last_login, created_at) VALUES (26, 'lmartin', 'lmartin@cybercrimeunit.gov', '0fefc2e3ce6c14f82e3402db95940ca81dd425f47b94d46edfed2a1c85e33404', 3, 'active', '2026-05-24 09:16:17', '2023-06-11');
INSERT INTO users (user_id, username, email, password_hash, role_id, account_status, last_login, created_at) VALUES (27, 'jyoung', 'jyoung@cybercrimeunit.gov', '899667909d21fbac1a4e6a81cf0b58104e6167729dd05c0f71301f871450d9b7', 3, 'active', '2026-06-21 17:17:43', '2023-09-15');
INSERT INTO users (user_id, username, email, password_hash, role_id, account_status, last_login, created_at) VALUES (28, 'wwalker', 'wwalker@cybercrimeunit.gov', '7ab8b0e5e211b48019616b9d6e25f90b141ffae1ca471380ada6d5b1c42eabaa', 3, 'locked', '2026-05-17 00:46:25', '2024-06-26');
INSERT INTO users (user_id, username, email, password_hash, role_id, account_status, last_login, created_at) VALUES (29, 'khill', 'khill@cybercrimeunit.gov', '4bff374567f7f7992a67a0138a84336b9845eccbc2c9a624813d01e0c88196cb', 3, 'active', '2026-05-21 13:31:32', '2024-02-16');
INSERT INTO users (user_id, username, email, password_hash, role_id, account_status, last_login, created_at) VALUES (30, 'mmartin1', 'mmartin1@cybercrimeunit.gov', '9e9a9d586e3c433a05c37444ba4eb041c4429869f260a18462a20d79a5404623', 3, 'active', '2026-07-03 02:19:32', '2025-02-03');
INSERT INTO users (user_id, username, email, password_hash, role_id, account_status, last_login, created_at) VALUES (31, 'pking', 'pking@cybercrimeunit.gov', '2501eac9735d064072f956ced69709aa98b4b23c2108c1dbef502df359741160', 3, 'active', '2026-05-25 01:39:43', '2024-04-05');
INSERT INTO users (user_id, username, email, password_hash, role_id, account_status, last_login, created_at) VALUES (32, 'rperez', 'rperez@cybercrimeunit.gov', 'bb841a2afca4b71741acce895381965385e69822f4993a3898edd7bef333a112', 3, 'active', '2026-06-23 18:43:50', '2024-04-16');
INSERT INTO users (user_id, username, email, password_hash, role_id, account_status, last_login, created_at) VALUES (33, 'danderson', 'danderson@cybercrimeunit.gov', 'bb282210e0277032882ddffa792455ad34140ae30a7b1e50a12e0348734b2198', 3, 'active', '2026-07-01 06:34:35', '2023-05-01');
INSERT INTO users (user_id, username, email, password_hash, role_id, account_status, last_login, created_at) VALUES (34, 'jjones', 'jjones@cybercrimeunit.gov', 'b378927cf656d2765c3ff1b300cf4079e65e75be0a4a34e6c9daaa7355ef02dd', 3, 'locked', '2026-06-02 01:57:15', '2023-05-26');
INSERT INTO users (user_id, username, email, password_hash, role_id, account_status, last_login, created_at) VALUES (35, 'athomas', 'athomas@cybercrimeunit.gov', '6f5309ffb7a975d143073042e1e24a18d6d21674ab2f2b7fa7d6b8ca1c89979b', 3, 'active', '2026-06-17 03:05:51', '2024-03-14');
INSERT INTO users (user_id, username, email, password_hash, role_id, account_status, last_login, created_at) VALUES (36, 'krodriguez', 'krodriguez@cybercrimeunit.gov', 'bd6b83d8d8df10825c2f3859532c6bc2937dcd0d78b93e71d3e6e45a44217376', 5, 'active', '2026-06-15 22:06:24', '2025-04-13');
INSERT INTO users (user_id, username, email, password_hash, role_id, account_status, last_login, created_at) VALUES (37, 'rmiller', 'rmiller@cybercrimeunit.gov', 'a5ed12bc1d88e855f6240a73e7a5c67eb91dce9e56543a8558803f2ae363f38d', 1, 'active', '2026-06-04 09:34:23', '2025-05-17');
INSERT INTO users (user_id, username, email, password_hash, role_id, account_status, last_login, created_at) VALUES (38, 'mrobinson', 'mrobinson@cybercrimeunit.gov', '4ea3b340a1f7e89443b3528bb11f597f7990f8c5f765e1f6196d21f305d92c48', 1, 'active', '2026-07-02 17:42:28', '2023-07-21');
INSERT INTO users (user_id, username, email, password_hash, role_id, account_status, last_login, created_at) VALUES (39, 'psanchez', 'psanchez@cybercrimeunit.gov', 'f995214bbfd37147c5969f5fb30f178c96794ef94b16452da68c6598da07170d', 4, 'active', '2026-05-11 14:36:55', '2024-05-24');
INSERT INTO users (user_id, username, email, password_hash, role_id, account_status, last_login, created_at) VALUES (40, 'rgonzalez', 'rgonzalez@cybercrimeunit.gov', 'b5149e19ca640f3262f3e29552e1739b4e14ab9d644d51adcb46ddd2fbf93921', 5, 'active', '2026-05-18 19:33:29', '2024-07-24');
INSERT INTO users (user_id, username, email, password_hash, role_id, account_status, last_login, created_at) VALUES (41, 'sthomas', 'sthomas@cybercrimeunit.gov', '70d740e835b1a25eca642014303a60e6c6d70add6600c902ffed143e34953dcb', 1, 'active', '2026-06-23 10:21:03', '2023-07-20');
INSERT INTO users (user_id, username, email, password_hash, role_id, account_status, last_login, created_at) VALUES (42, 'pwright', 'pwright@cybercrimeunit.gov', '42f003fba0c310f19002386691d08b2e08bdd48d7ca5d17b60e358a586e42b13', 1, 'disabled', '2026-05-23 22:48:14', '2023-12-07');
INSERT INTO users (user_id, username, email, password_hash, role_id, account_status, last_login, created_at) VALUES (43, 'myoung', 'myoung@cybercrimeunit.gov', '125bb9496655ef0372f7c11ac73d975c32785e23b950dafd4983fec306e16137', 5, 'active', '2026-06-08 22:29:29', '2023-05-01');
INSERT INTO users (user_id, username, email, password_hash, role_id, account_status, last_login, created_at) VALUES (44, 'dharris', 'dharris@cybercrimeunit.gov', 'ac06c227111e43232529c6aac4e9917330fbe681dd0c5fc50792a09d9d4c8c3d', 1, 'disabled', '2026-05-26 17:58:04', '2025-07-20');
INSERT INTO users (user_id, username, email, password_hash, role_id, account_status, last_login, created_at) VALUES (45, 'cramirez', 'cramirez@cybercrimeunit.gov', 'a6d25a638e273adfdded8bebcbacc0c600bd945be569054f3b317678b2862c4c', 5, 'active', '2026-05-29 19:22:45', '2024-03-21');

-- ----------------------------------------------------------------------------
-- 8. investigators
-- ----------------------------------------------------------------------------
INSERT INTO investigators (investigator_id, user_id, department_id, badge_number, full_name, rank_designation, specialization, phone, date_joined) VALUES (1, 1, 1, 'BADGE-1001', 'Patricia Nguyen', 'Unit Chief', 'Malware Analysis', '+1-555-0201', '2024-10-04');
INSERT INTO investigators (investigator_id, user_id, department_id, badge_number, full_name, rank_designation, specialization, phone, date_joined) VALUES (2, 2, 2, 'BADGE-1002', 'Patricia Brown', 'Unit Chief', 'OSINT', '+1-555-0202', '2025-10-26');
INSERT INTO investigators (investigator_id, user_id, department_id, badge_number, full_name, rank_designation, specialization, phone, date_joined) VALUES (3, 3, 3, 'BADGE-1003', 'Kimberly Hernandez', 'Junior Investigator', 'Reverse Engineering', '+1-555-0203', '2023-06-14');
INSERT INTO investigators (investigator_id, user_id, department_id, badge_number, full_name, rank_designation, specialization, phone, date_joined) VALUES (4, 4, 4, 'BADGE-1004', 'Barbara Jones', 'Unit Chief', 'Network Forensics', '+1-555-0204', '2024-04-26');
INSERT INTO investigators (investigator_id, user_id, department_id, badge_number, full_name, rank_designation, specialization, phone, date_joined) VALUES (5, 5, 5, 'BADGE-1005', 'Betty Davis', 'Unit Chief', 'Financial Crime Analysis', '+1-555-0205', '2023-03-23');
INSERT INTO investigators (investigator_id, user_id, department_id, badge_number, full_name, rank_designation, specialization, phone, date_joined) VALUES (6, 6, 6, 'BADGE-1006', 'Michelle Garcia', 'Principal Investigator', 'Incident Response', '+1-555-0206', '2024-10-09');
INSERT INTO investigators (investigator_id, user_id, department_id, badge_number, full_name, rank_designation, specialization, phone, date_joined) VALUES (7, 7, 1, 'BADGE-1007', 'Thomas Wilson', 'Senior Investigator', 'Financial Crime Analysis', '+1-555-0207', '2024-06-27');
INSERT INTO investigators (investigator_id, user_id, department_id, badge_number, full_name, rank_designation, specialization, phone, date_joined) VALUES (8, 8, 2, 'BADGE-1008', 'Betty Rodriguez', 'Senior Investigator', 'OSINT', '+1-555-0208', '2024-10-09');
INSERT INTO investigators (investigator_id, user_id, department_id, badge_number, full_name, rank_designation, specialization, phone, date_joined) VALUES (9, 9, 3, 'BADGE-1009', 'Timothy Jones', 'Junior Investigator', 'OSINT', '+1-555-0209', '2023-07-24');
INSERT INTO investigators (investigator_id, user_id, department_id, badge_number, full_name, rank_designation, specialization, phone, date_joined) VALUES (10, 10, 4, 'BADGE-1010', 'Robert Wright', 'Investigator', 'Reverse Engineering', '+1-555-0210', '2024-06-27');
INSERT INTO investigators (investigator_id, user_id, department_id, badge_number, full_name, rank_designation, specialization, phone, date_joined) VALUES (11, 11, 5, 'BADGE-1011', 'William Thompson', 'Junior Investigator', 'Financial Crime Analysis', '+1-555-0211', '2025-01-26');
INSERT INTO investigators (investigator_id, user_id, department_id, badge_number, full_name, rank_designation, specialization, phone, date_joined) VALUES (12, 12, 6, 'BADGE-1012', 'Charles Hernandez', 'Principal Investigator', 'Reverse Engineering', '+1-555-0212', '2024-09-11');
INSERT INTO investigators (investigator_id, user_id, department_id, badge_number, full_name, rank_designation, specialization, phone, date_joined) VALUES (13, 13, 1, 'BADGE-1013', 'Michelle King', 'Junior Investigator', 'Reverse Engineering', '+1-555-0213', '2024-09-05');
INSERT INTO investigators (investigator_id, user_id, department_id, badge_number, full_name, rank_designation, specialization, phone, date_joined) VALUES (14, 14, 2, 'BADGE-1014', 'Brian Miller', 'Investigator', 'Cryptocurrency Tracing', '+1-555-0214', '2023-08-25');
INSERT INTO investigators (investigator_id, user_id, department_id, badge_number, full_name, rank_designation, specialization, phone, date_joined) VALUES (15, 15, 3, 'BADGE-1015', 'Michael Scott', 'Investigator', 'Cryptocurrency Tracing', '+1-555-0215', '2024-07-31');
INSERT INTO investigators (investigator_id, user_id, department_id, badge_number, full_name, rank_designation, specialization, phone, date_joined) VALUES (16, 16, 4, 'BADGE-1016', 'Joshua Wilson', 'Senior Investigator', 'Financial Crime Analysis', '+1-555-0216', '2024-06-24');
INSERT INTO investigators (investigator_id, user_id, department_id, badge_number, full_name, rank_designation, specialization, phone, date_joined) VALUES (17, 17, 5, 'BADGE-1017', 'Andrew Young', 'Senior Investigator', 'Malware Analysis', '+1-555-0217', '2023-07-09');
INSERT INTO investigators (investigator_id, user_id, department_id, badge_number, full_name, rank_designation, specialization, phone, date_joined) VALUES (18, 18, 6, 'BADGE-1018', 'Kevin Ramirez', 'Senior Investigator', 'Malware Analysis', '+1-555-0218', '2023-01-08');
INSERT INTO investigators (investigator_id, user_id, department_id, badge_number, full_name, rank_designation, specialization, phone, date_joined) VALUES (19, 19, 1, 'BADGE-1019', 'Nancy Rodriguez', 'Senior Investigator', 'Mobile Device Forensics', '+1-555-0219', '2025-06-23');
INSERT INTO investigators (investigator_id, user_id, department_id, badge_number, full_name, rank_designation, specialization, phone, date_joined) VALUES (20, 20, 2, 'BADGE-1020', 'Emily Ramirez', 'Unit Chief', 'Malware Analysis', '+1-555-0220', '2023-08-18');
INSERT INTO investigators (investigator_id, user_id, department_id, badge_number, full_name, rank_designation, specialization, phone, date_joined) VALUES (21, 21, 3, 'BADGE-1021', 'Robert Martinez', 'Unit Chief', 'Malware Analysis', '+1-555-0221', '2025-01-26');
INSERT INTO investigators (investigator_id, user_id, department_id, badge_number, full_name, rank_designation, specialization, phone, date_joined) VALUES (22, 22, 4, 'BADGE-1022', 'Donna Scott', 'Investigator', 'Cloud Forensics', '+1-555-0222', '2023-09-19');
INSERT INTO investigators (investigator_id, user_id, department_id, badge_number, full_name, rank_designation, specialization, phone, date_joined) VALUES (23, 23, 5, 'BADGE-1023', 'John Martin', 'Senior Investigator', 'Malware Analysis', '+1-555-0223', '2025-01-02');
INSERT INTO investigators (investigator_id, user_id, department_id, badge_number, full_name, rank_designation, specialization, phone, date_joined) VALUES (24, 24, 6, 'BADGE-1024', 'Susan Thomas', 'Junior Investigator', 'Memory Forensics', '+1-555-0224', '2025-04-12');
INSERT INTO investigators (investigator_id, user_id, department_id, badge_number, full_name, rank_designation, specialization, phone, date_joined) VALUES (25, 25, 1, 'BADGE-1025', 'Michelle Martinez', 'Investigator', 'Mobile Device Forensics', '+1-555-0225', '2023-12-29');
INSERT INTO investigators (investigator_id, user_id, department_id, badge_number, full_name, rank_designation, specialization, phone, date_joined) VALUES (26, 26, 2, 'BADGE-1026', 'Mark Johnson', 'Investigator', 'Memory Forensics', '+1-555-0226', '2025-04-23');
INSERT INTO investigators (investigator_id, user_id, department_id, badge_number, full_name, rank_designation, specialization, phone, date_joined) VALUES (27, 27, 3, 'BADGE-1027', 'Brian Thomas', 'Senior Investigator', 'Mobile Device Forensics', '+1-555-0227', '2023-08-10');
INSERT INTO investigators (investigator_id, user_id, department_id, badge_number, full_name, rank_designation, specialization, phone, date_joined) VALUES (28, 28, 4, 'BADGE-1028', 'Anthony Williams', 'Principal Investigator', 'Financial Crime Analysis', '+1-555-0228', '2024-02-13');
INSERT INTO investigators (investigator_id, user_id, department_id, badge_number, full_name, rank_designation, specialization, phone, date_joined) VALUES (29, 29, 5, 'BADGE-1029', 'Sandra Thompson', 'Senior Investigator', 'Financial Crime Analysis', '+1-555-0229', '2024-04-01');
INSERT INTO investigators (investigator_id, user_id, department_id, badge_number, full_name, rank_designation, specialization, phone, date_joined) VALUES (30, 30, 6, 'BADGE-1030', 'Mary Gonzalez', 'Principal Investigator', 'Memory Forensics', '+1-555-0230', '2024-07-24');
INSERT INTO investigators (investigator_id, user_id, department_id, badge_number, full_name, rank_designation, specialization, phone, date_joined) VALUES (31, 31, 1, 'BADGE-1031', 'Robert Moore', 'Senior Investigator', 'Reverse Engineering', '+1-555-0231', '2025-03-29');
INSERT INTO investigators (investigator_id, user_id, department_id, badge_number, full_name, rank_designation, specialization, phone, date_joined) VALUES (32, 32, 2, 'BADGE-1032', 'Amanda Wright', 'Senior Investigator', 'Malware Analysis', '+1-555-0232', '2023-08-25');
INSERT INTO investigators (investigator_id, user_id, department_id, badge_number, full_name, rank_designation, specialization, phone, date_joined) VALUES (33, 33, 3, 'BADGE-1033', 'Thomas Lopez', 'Unit Chief', 'Cryptocurrency Tracing', '+1-555-0233', '2023-03-20');
INSERT INTO investigators (investigator_id, user_id, department_id, badge_number, full_name, rank_designation, specialization, phone, date_joined) VALUES (34, 34, 4, 'BADGE-1034', 'Michael Hill', 'Principal Investigator', 'Memory Forensics', '+1-555-0234', '2024-10-04');
INSERT INTO investigators (investigator_id, user_id, department_id, badge_number, full_name, rank_designation, specialization, phone, date_joined) VALUES (35, 35, 5, 'BADGE-1035', 'Margaret Hill', 'Unit Chief', 'Network Forensics', '+1-555-0235', '2025-02-27');

-- ----------------------------------------------------------------------------
-- 8b. Assign department heads (post-investigator ALTER TABLE FK)
-- ----------------------------------------------------------------------------
UPDATE departments SET head_investigator_id = 25 WHERE department_id = 1;
UPDATE departments SET head_investigator_id = 8 WHERE department_id = 2;
UPDATE departments SET head_investigator_id = 15 WHERE department_id = 3;
UPDATE departments SET head_investigator_id = 4 WHERE department_id = 4;
UPDATE departments SET head_investigator_id = 35 WHERE department_id = 5;
UPDATE departments SET head_investigator_id = 24 WHERE department_id = 6;

-- ----------------------------------------------------------------------------
-- 9. cases
-- ----------------------------------------------------------------------------
INSERT INTO cases (case_id, case_number, title, description, originating_department_id, lead_investigator_id, case_type, priority, case_status, date_opened, date_closed) VALUES (1, 'CC-2026-00001', 'Ransomware Attack on Regional Hospital Network #1', 'Investigation into ransomware attack on regional hospital network #1 affecting departmental operations and requiring digital forensic analysis.', 5, 35, 'child_exploitation', 'medium', 'under_investigation', '2023-05-24', NULL);
INSERT INTO cases (case_id, case_number, title, description, originating_department_id, lead_investigator_id, case_type, priority, case_status, date_opened, date_closed) VALUES (2, 'CC-2026-00002', 'SIM Swap Fraud Case #2', 'Investigation into sim swap fraud case #2 affecting departmental operations and requiring digital forensic analysis.', 3, 21, 'child_exploitation', 'low', 'closed', '2024-09-07', '2026-02-08');
INSERT INTO cases (case_id, case_number, title, description, originating_department_id, lead_investigator_id, case_type, priority, case_status, date_opened, date_closed) VALUES (3, 'CC-2026-00003', 'Corporate Insider Data Exfiltration #3', 'Investigation into corporate insider data exfiltration #3 affecting departmental operations and requiring digital forensic analysis.', 6, 27, 'fraud', 'critical', 'closed', '2026-02-09', '2026-03-13');
INSERT INTO cases (case_id, case_number, title, description, originating_department_id, lead_investigator_id, case_type, priority, case_status, date_opened, date_closed) VALUES (4, 'CC-2026-00004', 'Cryptocurrency Exchange Fraud Investigation #4', 'Investigation into cryptocurrency exchange fraud investigation #4 affecting departmental operations and requiring digital forensic analysis.', 4, 25, 'child_exploitation', 'medium', 'pending_court', '2024-09-08', NULL);
INSERT INTO cases (case_id, case_number, title, description, originating_department_id, lead_investigator_id, case_type, priority, case_status, date_opened, date_closed) VALUES (5, 'CC-2026-00005', 'Online Identity Theft Ring #5', 'Investigation into online identity theft ring #5 affecting departmental operations and requiring digital forensic analysis.', 5, 1, 'fraud', 'high', 'under_investigation', '2026-04-02', NULL);
INSERT INTO cases (case_id, case_number, title, description, originating_department_id, lead_investigator_id, case_type, priority, case_status, date_opened, date_closed) VALUES (6, 'CC-2026-00006', 'Dark Web Marketplace Investigation #6', 'Investigation into dark web marketplace investigation #6 affecting departmental operations and requiring digital forensic analysis.', 6, 21, 'identity_theft', 'critical', 'under_investigation', '2024-03-13', NULL);
INSERT INTO cases (case_id, case_number, title, description, originating_department_id, lead_investigator_id, case_type, priority, case_status, date_opened, date_closed) VALUES (7, 'CC-2026-00007', 'Business Email Compromise Scheme #7', 'Investigation into business email compromise scheme #7 affecting departmental operations and requiring digital forensic analysis.', 4, 11, 'child_exploitation', 'low', 'under_investigation', '2024-11-17', NULL);
INSERT INTO cases (case_id, case_number, title, description, originating_department_id, lead_investigator_id, case_type, priority, case_status, date_opened, date_closed) VALUES (8, 'CC-2026-00008', 'Phishing Campaign Targeting Municipal Employees #8', 'Investigation into phishing campaign targeting municipal employees #8 affecting departmental operations and requiring digital forensic analysis.', 2, 20, 'data_breach', 'medium', 'open', '2023-04-05', NULL);
INSERT INTO cases (case_id, case_number, title, description, originating_department_id, lead_investigator_id, case_type, priority, case_status, date_opened, date_closed) VALUES (9, 'CC-2026-00009', 'Cryptocurrency Exchange Fraud Investigation #9', 'Investigation into cryptocurrency exchange fraud investigation #9 affecting departmental operations and requiring digital forensic analysis.', 4, 5, 'identity_theft', 'critical', 'archived', '2026-03-24', '2026-04-17');
INSERT INTO cases (case_id, case_number, title, description, originating_department_id, lead_investigator_id, case_type, priority, case_status, date_opened, date_closed) VALUES (10, 'CC-2026-00010', 'Supply Chain Software Compromise #10', 'Investigation into supply chain software compromise #10 affecting departmental operations and requiring digital forensic analysis.', 6, 25, 'identity_theft', 'critical', 'under_investigation', '2023-01-12', NULL);
INSERT INTO cases (case_id, case_number, title, description, originating_department_id, lead_investigator_id, case_type, priority, case_status, date_opened, date_closed) VALUES (11, 'CC-2026-00011', 'Fraudulent Wire Transfer Scheme #11', 'Investigation into fraudulent wire transfer scheme #11 affecting departmental operations and requiring digital forensic analysis.', 1, 28, 'data_breach', 'medium', 'closed', '2025-11-26', '2026-03-24');
INSERT INTO cases (case_id, case_number, title, description, originating_department_id, lead_investigator_id, case_type, priority, case_status, date_opened, date_closed) VALUES (12, 'CC-2026-00012', 'Ransomware Attack on Regional Hospital Network #12', 'Investigation into ransomware attack on regional hospital network #12 affecting departmental operations and requiring digital forensic analysis.', 5, 16, 'other', 'low', 'under_investigation', '2025-08-09', NULL);
INSERT INTO cases (case_id, case_number, title, description, originating_department_id, lead_investigator_id, case_type, priority, case_status, date_opened, date_closed) VALUES (13, 'CC-2026-00013', 'SIM Swap Fraud Case #13', 'Investigation into sim swap fraud case #13 affecting departmental operations and requiring digital forensic analysis.', 5, 21, 'other', 'critical', 'pending_court', '2025-10-30', NULL);
INSERT INTO cases (case_id, case_number, title, description, originating_department_id, lead_investigator_id, case_type, priority, case_status, date_opened, date_closed) VALUES (14, 'CC-2026-00014', 'Online Identity Theft Ring #14', 'Investigation into online identity theft ring #14 affecting departmental operations and requiring digital forensic analysis.', 5, 29, 'data_breach', 'critical', 'under_investigation', '2024-05-21', NULL);
INSERT INTO cases (case_id, case_number, title, description, originating_department_id, lead_investigator_id, case_type, priority, case_status, date_opened, date_closed) VALUES (15, 'CC-2026-00015', 'Botnet Command and Control Takedown #15', 'Investigation into botnet command and control takedown #15 affecting departmental operations and requiring digital forensic analysis.', 6, 18, 'other', 'critical', 'pending_court', '2024-07-16', NULL);
INSERT INTO cases (case_id, case_number, title, description, originating_department_id, lead_investigator_id, case_type, priority, case_status, date_opened, date_closed) VALUES (16, 'CC-2026-00016', 'DDoS Attack on Financial Institution #16', 'Investigation into ddos attack on financial institution #16 affecting departmental operations and requiring digital forensic analysis.', 1, 19, 'data_breach', 'high', 'under_investigation', '2026-01-11', NULL);
INSERT INTO cases (case_id, case_number, title, description, originating_department_id, lead_investigator_id, case_type, priority, case_status, date_opened, date_closed) VALUES (17, 'CC-2026-00017', 'Phishing Campaign Targeting Municipal Employees #17', 'Investigation into phishing campaign targeting municipal employees #17 affecting departmental operations and requiring digital forensic analysis.', 2, 10, 'data_breach', 'critical', 'closed', '2024-03-14', '2024-05-18');
INSERT INTO cases (case_id, case_number, title, description, originating_department_id, lead_investigator_id, case_type, priority, case_status, date_opened, date_closed) VALUES (18, 'CC-2026-00018', 'Online Identity Theft Ring #18', 'Investigation into online identity theft ring #18 affecting departmental operations and requiring digital forensic analysis.', 4, 22, 'network_intrusion', 'critical', 'under_investigation', '2024-02-28', NULL);
INSERT INTO cases (case_id, case_number, title, description, originating_department_id, lead_investigator_id, case_type, priority, case_status, date_opened, date_closed) VALUES (19, 'CC-2026-00019', 'Botnet Command and Control Takedown #19', 'Investigation into botnet command and control takedown #19 affecting departmental operations and requiring digital forensic analysis.', 4, 25, 'other', 'low', 'archived', '2026-03-25', '2026-05-12');
INSERT INTO cases (case_id, case_number, title, description, originating_department_id, lead_investigator_id, case_type, priority, case_status, date_opened, date_closed) VALUES (20, 'CC-2026-00020', 'DDoS Attack on Financial Institution #20', 'Investigation into ddos attack on financial institution #20 affecting departmental operations and requiring digital forensic analysis.', 1, 23, 'fraud', 'critical', 'archived', '2025-05-08', '2026-02-07');
INSERT INTO cases (case_id, case_number, title, description, originating_department_id, lead_investigator_id, case_type, priority, case_status, date_opened, date_closed) VALUES (21, 'CC-2026-00021', 'Supply Chain Software Compromise #21', 'Investigation into supply chain software compromise #21 affecting departmental operations and requiring digital forensic analysis.', 6, 35, 'other', 'medium', 'under_investigation', '2024-07-12', NULL);
INSERT INTO cases (case_id, case_number, title, description, originating_department_id, lead_investigator_id, case_type, priority, case_status, date_opened, date_closed) VALUES (22, 'CC-2026-00022', 'Online Identity Theft Ring #22', 'Investigation into online identity theft ring #22 affecting departmental operations and requiring digital forensic analysis.', 4, 2, 'identity_theft', 'high', 'closed', '2025-04-08', '2026-04-13');
INSERT INTO cases (case_id, case_number, title, description, originating_department_id, lead_investigator_id, case_type, priority, case_status, date_opened, date_closed) VALUES (23, 'CC-2026-00023', 'Data Breach at Retail Payment Processor #23', 'Investigation into data breach at retail payment processor #23 affecting departmental operations and requiring digital forensic analysis.', 4, 9, 'network_intrusion', 'low', 'archived', '2026-04-27', '2026-04-30');
INSERT INTO cases (case_id, case_number, title, description, originating_department_id, lead_investigator_id, case_type, priority, case_status, date_opened, date_closed) VALUES (24, 'CC-2026-00024', 'Phishing Campaign Targeting Municipal Employees #24', 'Investigation into phishing campaign targeting municipal employees #24 affecting departmental operations and requiring digital forensic analysis.', 6, 28, 'data_breach', 'critical', 'open', '2024-06-16', NULL);
INSERT INTO cases (case_id, case_number, title, description, originating_department_id, lead_investigator_id, case_type, priority, case_status, date_opened, date_closed) VALUES (25, 'CC-2026-00025', 'Online Identity Theft Ring #25', 'Investigation into online identity theft ring #25 affecting departmental operations and requiring digital forensic analysis.', 3, 14, 'identity_theft', 'high', 'under_investigation', '2025-02-15', NULL);
INSERT INTO cases (case_id, case_number, title, description, originating_department_id, lead_investigator_id, case_type, priority, case_status, date_opened, date_closed) VALUES (26, 'CC-2026-00026', 'Corporate Insider Data Exfiltration #26', 'Investigation into corporate insider data exfiltration #26 affecting departmental operations and requiring digital forensic analysis.', 4, 17, 'other', 'low', 'under_investigation', '2026-01-09', NULL);
INSERT INTO cases (case_id, case_number, title, description, originating_department_id, lead_investigator_id, case_type, priority, case_status, date_opened, date_closed) VALUES (27, 'CC-2026-00027', 'Ransomware Attack on Regional Hospital Network #27', 'Investigation into ransomware attack on regional hospital network #27 affecting departmental operations and requiring digital forensic analysis.', 3, 15, 'child_exploitation', 'low', 'closed', '2023-03-24', '2023-05-26');
INSERT INTO cases (case_id, case_number, title, description, originating_department_id, lead_investigator_id, case_type, priority, case_status, date_opened, date_closed) VALUES (28, 'CC-2026-00028', 'Cryptocurrency Exchange Fraud Investigation #28', 'Investigation into cryptocurrency exchange fraud investigation #28 affecting departmental operations and requiring digital forensic analysis.', 2, 2, 'network_intrusion', 'medium', 'under_investigation', '2025-08-27', NULL);
INSERT INTO cases (case_id, case_number, title, description, originating_department_id, lead_investigator_id, case_type, priority, case_status, date_opened, date_closed) VALUES (29, 'CC-2026-00029', 'SIM Swap Fraud Case #29', 'Investigation into sim swap fraud case #29 affecting departmental operations and requiring digital forensic analysis.', 1, 14, 'identity_theft', 'high', 'closed', '2023-12-10', '2025-08-21');
INSERT INTO cases (case_id, case_number, title, description, originating_department_id, lead_investigator_id, case_type, priority, case_status, date_opened, date_closed) VALUES (30, 'CC-2026-00030', 'Dark Web Marketplace Investigation #30', 'Investigation into dark web marketplace investigation #30 affecting departmental operations and requiring digital forensic analysis.', 6, 8, 'other', 'medium', 'archived', '2023-08-10', '2023-10-01');
INSERT INTO cases (case_id, case_number, title, description, originating_department_id, lead_investigator_id, case_type, priority, case_status, date_opened, date_closed) VALUES (31, 'CC-2026-00031', 'Fraudulent Wire Transfer Scheme #31', 'Investigation into fraudulent wire transfer scheme #31 affecting departmental operations and requiring digital forensic analysis.', 3, 25, 'identity_theft', 'medium', 'open', '2024-05-12', NULL);
INSERT INTO cases (case_id, case_number, title, description, originating_department_id, lead_investigator_id, case_type, priority, case_status, date_opened, date_closed) VALUES (32, 'CC-2026-00032', 'Phishing Campaign Targeting Municipal Employees #32', 'Investigation into phishing campaign targeting municipal employees #32 affecting departmental operations and requiring digital forensic analysis.', 6, 20, 'other', 'low', 'closed', '2026-03-05', '2026-06-13');
INSERT INTO cases (case_id, case_number, title, description, originating_department_id, lead_investigator_id, case_type, priority, case_status, date_opened, date_closed) VALUES (33, 'CC-2026-00033', 'Ransomware Attack on Regional Hospital Network #33', 'Investigation into ransomware attack on regional hospital network #33 affecting departmental operations and requiring digital forensic analysis.', 3, 35, 'identity_theft', 'high', 'open', '2024-11-29', NULL);
INSERT INTO cases (case_id, case_number, title, description, originating_department_id, lead_investigator_id, case_type, priority, case_status, date_opened, date_closed) VALUES (34, 'CC-2026-00034', 'Ransomware Attack on Regional Hospital Network #34', 'Investigation into ransomware attack on regional hospital network #34 affecting departmental operations and requiring digital forensic analysis.', 4, 32, 'ransomware', 'critical', 'archived', '2025-07-30', '2025-10-16');
INSERT INTO cases (case_id, case_number, title, description, originating_department_id, lead_investigator_id, case_type, priority, case_status, date_opened, date_closed) VALUES (35, 'CC-2026-00035', 'Online Identity Theft Ring #35', 'Investigation into online identity theft ring #35 affecting departmental operations and requiring digital forensic analysis.', 2, 34, 'child_exploitation', 'high', 'pending_court', '2026-01-07', NULL);
INSERT INTO cases (case_id, case_number, title, description, originating_department_id, lead_investigator_id, case_type, priority, case_status, date_opened, date_closed) VALUES (36, 'CC-2026-00036', 'Social Engineering Attack on HR Department #36', 'Investigation into social engineering attack on hr department #36 affecting departmental operations and requiring digital forensic analysis.', 4, 30, 'identity_theft', 'high', 'under_investigation', '2024-05-17', NULL);
INSERT INTO cases (case_id, case_number, title, description, originating_department_id, lead_investigator_id, case_type, priority, case_status, date_opened, date_closed) VALUES (37, 'CC-2026-00037', 'Botnet Command and Control Takedown #37', 'Investigation into botnet command and control takedown #37 affecting departmental operations and requiring digital forensic analysis.', 1, 18, 'identity_theft', 'medium', 'closed', '2026-03-13', '2026-05-30');
INSERT INTO cases (case_id, case_number, title, description, originating_department_id, lead_investigator_id, case_type, priority, case_status, date_opened, date_closed) VALUES (38, 'CC-2026-00038', 'SIM Swap Fraud Case #38', 'Investigation into sim swap fraud case #38 affecting departmental operations and requiring digital forensic analysis.', 4, 22, 'ransomware', 'critical', 'archived', '2024-01-08', '2025-05-21');
INSERT INTO cases (case_id, case_number, title, description, originating_department_id, lead_investigator_id, case_type, priority, case_status, date_opened, date_closed) VALUES (39, 'CC-2026-00039', 'Cryptocurrency Exchange Fraud Investigation #39', 'Investigation into cryptocurrency exchange fraud investigation #39 affecting departmental operations and requiring digital forensic analysis.', 3, 17, 'fraud', 'high', 'archived', '2024-07-19', '2026-02-08');
INSERT INTO cases (case_id, case_number, title, description, originating_department_id, lead_investigator_id, case_type, priority, case_status, date_opened, date_closed) VALUES (40, 'CC-2026-00040', 'Ransomware Attack on Regional Hospital Network #40', 'Investigation into ransomware attack on regional hospital network #40 affecting departmental operations and requiring digital forensic analysis.', 5, 13, 'ransomware', 'medium', 'closed', '2025-09-27', '2026-01-28');
INSERT INTO cases (case_id, case_number, title, description, originating_department_id, lead_investigator_id, case_type, priority, case_status, date_opened, date_closed) VALUES (41, 'CC-2026-00041', 'Supply Chain Software Compromise #41', 'Investigation into supply chain software compromise #41 affecting departmental operations and requiring digital forensic analysis.', 4, 32, 'identity_theft', 'low', 'open', '2024-03-29', NULL);
INSERT INTO cases (case_id, case_number, title, description, originating_department_id, lead_investigator_id, case_type, priority, case_status, date_opened, date_closed) VALUES (42, 'CC-2026-00042', 'Online Identity Theft Ring #42', 'Investigation into online identity theft ring #42 affecting departmental operations and requiring digital forensic analysis.', 6, 16, 'fraud', 'high', 'under_investigation', '2025-12-23', NULL);
INSERT INTO cases (case_id, case_number, title, description, originating_department_id, lead_investigator_id, case_type, priority, case_status, date_opened, date_closed) VALUES (43, 'CC-2026-00043', 'Unauthorized Access to Government Servers #43', 'Investigation into unauthorized access to government servers #43 affecting departmental operations and requiring digital forensic analysis.', 4, 22, 'fraud', 'critical', 'under_investigation', '2024-05-29', NULL);
INSERT INTO cases (case_id, case_number, title, description, originating_department_id, lead_investigator_id, case_type, priority, case_status, date_opened, date_closed) VALUES (44, 'CC-2026-00044', 'Cryptocurrency Exchange Fraud Investigation #44', 'Investigation into cryptocurrency exchange fraud investigation #44 affecting departmental operations and requiring digital forensic analysis.', 1, 13, 'fraud', 'low', 'closed', '2024-01-15', '2024-07-29');
INSERT INTO cases (case_id, case_number, title, description, originating_department_id, lead_investigator_id, case_type, priority, case_status, date_opened, date_closed) VALUES (45, 'CC-2026-00045', 'Cryptocurrency Exchange Fraud Investigation #45', 'Investigation into cryptocurrency exchange fraud investigation #45 affecting departmental operations and requiring digital forensic analysis.', 6, 31, 'fraud', 'high', 'archived', '2024-02-02', '2024-12-01');
INSERT INTO cases (case_id, case_number, title, description, originating_department_id, lead_investigator_id, case_type, priority, case_status, date_opened, date_closed) VALUES (46, 'CC-2026-00046', 'Cryptocurrency Exchange Fraud Investigation #46', 'Investigation into cryptocurrency exchange fraud investigation #46 affecting departmental operations and requiring digital forensic analysis.', 3, 12, 'fraud', 'low', 'closed', '2023-09-17', '2024-06-23');
INSERT INTO cases (case_id, case_number, title, description, originating_department_id, lead_investigator_id, case_type, priority, case_status, date_opened, date_closed) VALUES (47, 'CC-2026-00047', 'Ransomware Attack on Regional Hospital Network #47', 'Investigation into ransomware attack on regional hospital network #47 affecting departmental operations and requiring digital forensic analysis.', 1, 19, 'child_exploitation', 'medium', 'pending_court', '2025-10-02', NULL);
INSERT INTO cases (case_id, case_number, title, description, originating_department_id, lead_investigator_id, case_type, priority, case_status, date_opened, date_closed) VALUES (48, 'CC-2026-00048', 'Phishing Campaign Targeting Municipal Employees #48', 'Investigation into phishing campaign targeting municipal employees #48 affecting departmental operations and requiring digital forensic analysis.', 1, 19, 'identity_theft', 'critical', 'under_investigation', '2024-01-13', NULL);
INSERT INTO cases (case_id, case_number, title, description, originating_department_id, lead_investigator_id, case_type, priority, case_status, date_opened, date_closed) VALUES (49, 'CC-2026-00049', 'Ransomware Attack on Regional Hospital Network #49', 'Investigation into ransomware attack on regional hospital network #49 affecting departmental operations and requiring digital forensic analysis.', 3, 31, 'ransomware', 'low', 'under_investigation', '2023-06-01', NULL);
INSERT INTO cases (case_id, case_number, title, description, originating_department_id, lead_investigator_id, case_type, priority, case_status, date_opened, date_closed) VALUES (50, 'CC-2026-00050', 'Dark Web Marketplace Investigation #50', 'Investigation into dark web marketplace investigation #50 affecting departmental operations and requiring digital forensic analysis.', 6, 4, 'data_breach', 'medium', 'closed', '2024-09-14', '2024-12-10');

-- ----------------------------------------------------------------------------
-- 10. suspects
-- ----------------------------------------------------------------------------
INSERT INTO suspects (suspect_id, full_name, alias, national_id, address, phone, email, suspect_status, created_at) VALUES (1, 'Jessica Davis', NULL, 'NID-100001', '710 Pine St, Riverton', '+1-555-0301', 'jessica.davis1@mail.com', 'convicted', '2025-07-11');
INSERT INTO suspects (suspect_id, full_name, alias, national_id, address, phone, email, suspect_status, created_at) VALUES (2, 'Paul Martin', NULL, NULL, '412 Pine St, Madison', '+1-555-0302', 'paul.martin2@mail.com', 'person_of_interest', '2023-07-23');
INSERT INTO suspects (suspect_id, full_name, alias, national_id, address, phone, email, suspect_status, created_at) VALUES (3, 'Timothy Wilson', NULL, 'NID-100003', '183 Maple St, Riverton', '+1-555-0303', 'timothy.wilson3@mail.com', 'charged', '2026-02-04');
INSERT INTO suspects (suspect_id, full_name, alias, national_id, address, phone, email, suspect_status, created_at) VALUES (4, 'Robert Hernandez', 'hnet98', 'NID-100004', '398 Oak St, Riverton', '+1-555-0304', 'robert.hernandez4@mail.com', 'cleared', '2024-08-02');
INSERT INTO suspects (suspect_id, full_name, alias, national_id, address, phone, email, suspect_status, created_at) VALUES (5, 'Edward Robinson', 'rshadow43', NULL, '740 Pine St, Riverton', '+1-555-0305', 'edward.robinson5@mail.com', 'convicted', '2023-08-24');
INSERT INTO suspects (suspect_id, full_name, alias, national_id, address, phone, email, suspect_status, created_at) VALUES (6, 'Kenneth Anderson', NULL, NULL, '946 Maple St, Springfield', '+1-555-0306', 'kenneth.anderson6@mail.com', 'person_of_interest', '2023-12-06');
INSERT INTO suspects (suspect_id, full_name, alias, national_id, address, phone, email, suspect_status, created_at) VALUES (7, 'Karen Hill', NULL, 'NID-100007', '395 Elm St, Springfield', '+1-555-0307', 'karen.hill7@mail.com', 'convicted', '2024-09-14');
INSERT INTO suspects (suspect_id, full_name, alias, national_id, address, phone, email, suspect_status, created_at) VALUES (8, 'Edward Sanchez', NULL, 'NID-100008', '605 Elm St, Springfield', '+1-555-0308', 'edward.sanchez8@mail.com', 'person_of_interest', '2025-06-03');
INSERT INTO suspects (suspect_id, full_name, alias, national_id, address, phone, email, suspect_status, created_at) VALUES (9, 'Deborah Lee', NULL, 'NID-100009', '334 Pine St, Madison', '+1-555-0309', 'deborah.lee9@mail.com', 'person_of_interest', '2024-07-05');
INSERT INTO suspects (suspect_id, full_name, alias, national_id, address, phone, email, suspect_status, created_at) VALUES (10, 'George Williams', NULL, 'NID-100010', '631 Elm St, Fairview', '+1-555-0310', 'george.williams10@mail.com', 'charged', '2026-04-13');
INSERT INTO suspects (suspect_id, full_name, alias, national_id, address, phone, email, suspect_status, created_at) VALUES (11, 'Margaret Young', NULL, 'NID-100011', '518 Cedar St, Fairview', '+1-555-0311', 'margaret.young11@mail.com', 'person_of_interest', '2023-11-26');
INSERT INTO suspects (suspect_id, full_name, alias, national_id, address, phone, email, suspect_status, created_at) VALUES (12, 'Nancy Clark', NULL, 'NID-100012', '510 Pine St, Springfield', '+1-555-0312', 'nancy.clark12@mail.com', 'convicted', '2023-06-30');
INSERT INTO suspects (suspect_id, full_name, alias, national_id, address, phone, email, suspect_status, created_at) VALUES (13, 'Daniel Taylor', NULL, NULL, '513 Pine St, Springfield', '+1-555-0313', 'daniel.taylor13@mail.com', 'convicted', '2025-04-26');
INSERT INTO suspects (suspect_id, full_name, alias, national_id, address, phone, email, suspect_status, created_at) VALUES (14, 'Patricia Gonzalez', NULL, NULL, '610 Elm St, Springfield', '+1-555-0314', 'patricia.gonzalez14@mail.com', 'charged', '2024-06-30');
INSERT INTO suspects (suspect_id, full_name, alias, national_id, address, phone, email, suspect_status, created_at) VALUES (15, 'Emily Rodriguez', NULL, 'NID-100015', '815 Elm St, Springfield', '+1-555-0315', 'emily.rodriguez15@mail.com', 'person_of_interest', '2026-05-31');
INSERT INTO suspects (suspect_id, full_name, alias, national_id, address, phone, email, suspect_status, created_at) VALUES (16, 'Jessica Hernandez', NULL, 'NID-100016', '517 Oak St, Riverton', '+1-555-0316', 'jessica.hernandez16@mail.com', 'person_of_interest', '2025-08-03');
INSERT INTO suspects (suspect_id, full_name, alias, national_id, address, phone, email, suspect_status, created_at) VALUES (17, 'Linda Martinez', NULL, NULL, '621 Cedar St, Georgetown', '+1-555-0317', 'linda.martinez17@mail.com', 'convicted', '2025-08-25');
INSERT INTO suspects (suspect_id, full_name, alias, national_id, address, phone, email, suspect_status, created_at) VALUES (18, 'Jessica Robinson', NULL, 'NID-100018', '713 Pine St, Riverton', '+1-555-0318', 'jessica.robinson18@mail.com', 'person_of_interest', '2024-07-19');
INSERT INTO suspects (suspect_id, full_name, alias, national_id, address, phone, email, suspect_status, created_at) VALUES (19, 'Stephanie Clark', NULL, NULL, '373 Oak St, Fairview', '+1-555-0319', 'stephanie.clark19@mail.com', 'cleared', '2026-04-17');
INSERT INTO suspects (suspect_id, full_name, alias, national_id, address, phone, email, suspect_status, created_at) VALUES (20, 'Donna Young', NULL, 'NID-100020', '595 Cedar St, Fairview', '+1-555-0320', 'donna.young20@mail.com', 'convicted', '2025-07-21');
INSERT INTO suspects (suspect_id, full_name, alias, national_id, address, phone, email, suspect_status, created_at) VALUES (21, 'Daniel Gonzalez', NULL, 'NID-100021', '492 Maple St, Georgetown', '+1-555-0321', 'daniel.gonzalez21@mail.com', 'person_of_interest', '2024-10-13');
INSERT INTO suspects (suspect_id, full_name, alias, national_id, address, phone, email, suspect_status, created_at) VALUES (22, 'Deborah Walker', NULL, NULL, '495 Maple St, Georgetown', '+1-555-0322', 'deborah.walker22@mail.com', 'person_of_interest', '2023-09-16');
INSERT INTO suspects (suspect_id, full_name, alias, national_id, address, phone, email, suspect_status, created_at) VALUES (23, 'Andrew Nguyen', NULL, 'NID-100023', '965 Elm St, Springfield', '+1-555-0323', 'andrew.nguyen23@mail.com', 'convicted', '2023-02-01');
INSERT INTO suspects (suspect_id, full_name, alias, national_id, address, phone, email, suspect_status, created_at) VALUES (24, 'Ronald Martinez', NULL, NULL, '258 Oak St, Georgetown', '+1-555-0324', 'ronald.martinez24@mail.com', 'cleared', '2024-11-24');
INSERT INTO suspects (suspect_id, full_name, alias, national_id, address, phone, email, suspect_status, created_at) VALUES (25, 'Michelle Sanchez', NULL, NULL, '972 Pine St, Georgetown', '+1-555-0325', 'michelle.sanchez25@mail.com', 'cleared', '2025-09-26');
INSERT INTO suspects (suspect_id, full_name, alias, national_id, address, phone, email, suspect_status, created_at) VALUES (26, 'Kenneth Williams', NULL, 'NID-100026', '800 Cedar St, Riverton', '+1-555-0326', 'kenneth.williams26@mail.com', 'person_of_interest', '2025-06-07');
INSERT INTO suspects (suspect_id, full_name, alias, national_id, address, phone, email, suspect_status, created_at) VALUES (27, 'Michael Miller', NULL, NULL, '129 Oak St, Fairview', '+1-555-0327', 'michael.miller27@mail.com', 'person_of_interest', '2024-08-23');
INSERT INTO suspects (suspect_id, full_name, alias, national_id, address, phone, email, suspect_status, created_at) VALUES (28, 'Matthew White', NULL, 'NID-100028', '521 Pine St, Riverton', '+1-555-0328', 'matthew.white28@mail.com', 'charged', '2023-12-25');
INSERT INTO suspects (suspect_id, full_name, alias, national_id, address, phone, email, suspect_status, created_at) VALUES (29, 'Jennifer Flores', NULL, NULL, '346 Elm St, Madison', '+1-555-0329', 'jennifer.flores29@mail.com', 'charged', '2024-04-20');
INSERT INTO suspects (suspect_id, full_name, alias, national_id, address, phone, email, suspect_status, created_at) VALUES (30, 'Sandra Taylor', NULL, NULL, '923 Elm St, Fairview', '+1-555-0330', 'sandra.taylor30@mail.com', 'charged', '2023-06-01');
INSERT INTO suspects (suspect_id, full_name, alias, national_id, address, phone, email, suspect_status, created_at) VALUES (31, 'Paul Thompson', NULL, 'NID-100031', '534 Cedar St, Georgetown', '+1-555-0331', 'paul.thompson31@mail.com', 'cleared', '2024-02-12');
INSERT INTO suspects (suspect_id, full_name, alias, national_id, address, phone, email, suspect_status, created_at) VALUES (32, 'Anthony Walker', 'wnet83', 'NID-100032', '402 Cedar St, Springfield', '+1-555-0332', 'anthony.walker32@mail.com', 'convicted', '2024-07-16');
INSERT INTO suspects (suspect_id, full_name, alias, national_id, address, phone, email, suspect_status, created_at) VALUES (33, 'James Torres', NULL, NULL, '150 Pine St, Georgetown', '+1-555-0333', 'james.torres33@mail.com', 'cleared', '2024-04-16');
INSERT INTO suspects (suspect_id, full_name, alias, national_id, address, phone, email, suspect_status, created_at) VALUES (34, 'Joshua Thompson', 'tshadow89', 'NID-100034', '873 Maple St, Springfield', '+1-555-0334', 'joshua.thompson34@mail.com', 'person_of_interest', '2024-09-24');
INSERT INTO suspects (suspect_id, full_name, alias, national_id, address, phone, email, suspect_status, created_at) VALUES (35, 'Paul Williams', NULL, NULL, '192 Cedar St, Fairview', '+1-555-0335', 'paul.williams35@mail.com', 'convicted', '2023-12-26');
INSERT INTO suspects (suspect_id, full_name, alias, national_id, address, phone, email, suspect_status, created_at) VALUES (36, 'Richard Rodriguez', NULL, NULL, '474 Pine St, Madison', '+1-555-0336', 'richard.rodriguez36@mail.com', 'cleared', '2023-12-03');
INSERT INTO suspects (suspect_id, full_name, alias, national_id, address, phone, email, suspect_status, created_at) VALUES (37, 'Thomas Walker', NULL, 'NID-100037', '991 Cedar St, Springfield', '+1-555-0337', 'thomas.walker37@mail.com', 'convicted', '2023-06-04');
INSERT INTO suspects (suspect_id, full_name, alias, national_id, address, phone, email, suspect_status, created_at) VALUES (38, 'Elizabeth Anderson', NULL, NULL, '506 Pine St, Fairview', '+1-555-0338', 'elizabeth.anderson38@mail.com', 'person_of_interest', '2025-03-19');
INSERT INTO suspects (suspect_id, full_name, alias, national_id, address, phone, email, suspect_status, created_at) VALUES (39, 'James Taylor', NULL, 'NID-100039', '788 Cedar St, Madison', '+1-555-0339', 'james.taylor39@mail.com', 'convicted', '2025-01-30');
INSERT INTO suspects (suspect_id, full_name, alias, national_id, address, phone, email, suspect_status, created_at) VALUES (40, 'Michael Anderson', NULL, NULL, '674 Cedar St, Madison', '+1-555-0340', 'michael.anderson40@mail.com', 'charged', '2023-05-10');
INSERT INTO suspects (suspect_id, full_name, alias, national_id, address, phone, email, suspect_status, created_at) VALUES (41, 'Kevin Robinson', NULL, 'NID-100041', '518 Oak St, Riverton', '+1-555-0341', 'kevin.robinson41@mail.com', 'person_of_interest', '2023-03-18');
INSERT INTO suspects (suspect_id, full_name, alias, national_id, address, phone, email, suspect_status, created_at) VALUES (42, 'Karen Young', 'yshadow78', 'NID-100042', '564 Cedar St, Madison', '+1-555-0342', 'karen.young42@mail.com', 'convicted', '2026-04-17');
INSERT INTO suspects (suspect_id, full_name, alias, national_id, address, phone, email, suspect_status, created_at) VALUES (43, 'Deborah Martinez', NULL, NULL, '953 Elm St, Madison', '+1-555-0343', 'deborah.martinez43@mail.com', 'convicted', '2024-07-26');
INSERT INTO suspects (suspect_id, full_name, alias, national_id, address, phone, email, suspect_status, created_at) VALUES (44, 'John White', 'wnet40', NULL, '201 Cedar St, Madison', '+1-555-0344', 'john.white44@mail.com', 'cleared', '2023-05-05');
INSERT INTO suspects (suspect_id, full_name, alias, national_id, address, phone, email, suspect_status, created_at) VALUES (45, 'Betty Moore', 'mx68', 'NID-100045', '317 Pine St, Springfield', '+1-555-0345', 'betty.moore45@mail.com', 'person_of_interest', '2024-11-14');

-- ----------------------------------------------------------------------------
-- 11. devices
-- ----------------------------------------------------------------------------
INSERT INTO devices (device_id, suspect_id, device_type, make_model, serial_number, seizure_date, seizure_location, condition_notes) VALUES (1, 9, 'tablet', 'Apple iPad Air', 'SN-TAB-100001', '2026-02-09', 'Office Premises, Madison', 'Minor physical damage');
INSERT INTO devices (device_id, suspect_id, device_type, make_model, serial_number, seizure_date, seizure_location, condition_notes) VALUES (2, NULL, 'tablet', 'Samsung Galaxy Tab S8', 'SN-TAB-100002', '2026-05-05', 'Suspect Residence, Fairview', 'Minor physical damage');
INSERT INTO devices (device_id, suspect_id, device_type, make_model, serial_number, seizure_date, seizure_location, condition_notes) VALUES (3, NULL, 'other', 'Unidentified Storage Media', 'SN-OTH-100003', '2023-08-14', 'Suspect Residence, Riverton', 'Good condition');
INSERT INTO devices (device_id, suspect_id, device_type, make_model, serial_number, seizure_date, seizure_location, condition_notes) VALUES (4, 16, 'external_hdd', 'Seagate Backup Plus 2TB', 'SN-EXT-100004', '2023-04-18', 'Office Premises, Georgetown', 'Water damage noted');
INSERT INTO devices (device_id, suspect_id, device_type, make_model, serial_number, seizure_date, seizure_location, condition_notes) VALUES (5, 5, 'cloud_account', 'Microsoft 365 Account', 'SN-CLO-100005', '2025-11-17', 'Data Center, Springfield', 'Encrypted, requires decryption');
INSERT INTO devices (device_id, suspect_id, device_type, make_model, serial_number, seizure_date, seizure_location, condition_notes) VALUES (6, 40, 'laptop', 'Lenovo ThinkPad X1', 'SN-LAP-100006', '2023-03-05', 'Suspect Residence, Georgetown', 'Encrypted, requires decryption');
INSERT INTO devices (device_id, suspect_id, device_type, make_model, serial_number, seizure_date, seizure_location, condition_notes) VALUES (7, 7, 'cloud_account', 'Dropbox Business Account', NULL, '2023-05-31', 'Suspect Residence, Fairview', 'Water damage noted');
INSERT INTO devices (device_id, suspect_id, device_type, make_model, serial_number, seizure_date, seizure_location, condition_notes) VALUES (8, 9, 'usb_drive', 'Kingston DataTraveler 32GB', 'SN-USB-100008', '2026-05-08', 'Data Center, Fairview', 'Encrypted, requires decryption');
INSERT INTO devices (device_id, suspect_id, device_type, make_model, serial_number, seizure_date, seizure_location, condition_notes) VALUES (9, 28, 'desktop', 'Custom Build Tower', 'SN-DES-100009', '2026-02-03', 'Office Premises, Georgetown', 'Encrypted, requires decryption');
INSERT INTO devices (device_id, suspect_id, device_type, make_model, serial_number, seizure_date, seizure_location, condition_notes) VALUES (10, NULL, 'server', 'HP ProLiant DL380', 'SN-SER-100010', '2025-03-27', 'Storage Unit, Springfield', 'Powered on at seizure');
INSERT INTO devices (device_id, suspect_id, device_type, make_model, serial_number, seizure_date, seizure_location, condition_notes) VALUES (11, 43, 'usb_drive', 'Kingston DataTraveler 32GB', NULL, '2025-08-29', 'Suspect Residence, Springfield', 'Good condition');
INSERT INTO devices (device_id, suspect_id, device_type, make_model, serial_number, seizure_date, seizure_location, condition_notes) VALUES (12, 7, 'external_hdd', 'Seagate Backup Plus 2TB', 'SN-EXT-100012', '2026-04-16', 'Data Center, Madison', 'Powered on at seizure');
INSERT INTO devices (device_id, suspect_id, device_type, make_model, serial_number, seizure_date, seizure_location, condition_notes) VALUES (13, 27, 'external_hdd', 'WD Elements 4TB', NULL, '2023-04-16', 'Vehicle, Madison', 'Powered on at seizure');
INSERT INTO devices (device_id, suspect_id, device_type, make_model, serial_number, seizure_date, seizure_location, condition_notes) VALUES (14, 37, 'other', 'Unidentified Storage Media', 'SN-OTH-100014', '2025-09-14', 'Office Premises, Springfield', 'Powered on at seizure');
INSERT INTO devices (device_id, suspect_id, device_type, make_model, serial_number, seizure_date, seizure_location, condition_notes) VALUES (15, NULL, 'external_hdd', 'Seagate Backup Plus 2TB', 'SN-EXT-100015', '2026-03-21', 'Office Premises, Georgetown', 'Water damage noted');
INSERT INTO devices (device_id, suspect_id, device_type, make_model, serial_number, seizure_date, seizure_location, condition_notes) VALUES (16, NULL, 'other', 'Unidentified Storage Media', 'SN-OTH-100016', '2024-07-01', 'Suspect Residence, Riverton', 'Powered on at seizure');
INSERT INTO devices (device_id, suspect_id, device_type, make_model, serial_number, seizure_date, seizure_location, condition_notes) VALUES (17, 20, 'external_hdd', 'WD Elements 4TB', 'SN-EXT-100017', '2023-10-21', 'Data Center, Georgetown', 'Good condition');
INSERT INTO devices (device_id, suspect_id, device_type, make_model, serial_number, seizure_date, seizure_location, condition_notes) VALUES (18, 41, 'laptop', 'Dell Latitude 5420', 'SN-LAP-100018', '2024-03-16', 'Storage Unit, Georgetown', 'Encrypted, requires decryption');
INSERT INTO devices (device_id, suspect_id, device_type, make_model, serial_number, seizure_date, seizure_location, condition_notes) VALUES (19, 24, 'usb_drive', 'Kingston DataTraveler 32GB', 'SN-USB-100019', '2026-03-08', 'Data Center, Springfield', 'Good condition');
INSERT INTO devices (device_id, suspect_id, device_type, make_model, serial_number, seizure_date, seizure_location, condition_notes) VALUES (20, 40, 'laptop', 'Dell Latitude 5420', 'SN-LAP-100020', '2025-05-18', 'Storage Unit, Madison', 'Encrypted, requires decryption');
INSERT INTO devices (device_id, suspect_id, device_type, make_model, serial_number, seizure_date, seizure_location, condition_notes) VALUES (21, 14, 'other', 'Unidentified Storage Media', 'SN-OTH-100021', '2023-08-16', 'Vehicle, Madison', 'Encrypted, requires decryption');
INSERT INTO devices (device_id, suspect_id, device_type, make_model, serial_number, seizure_date, seizure_location, condition_notes) VALUES (22, 20, 'laptop', 'HP EliteBook 840', 'SN-LAP-100022', '2026-05-12', 'Suspect Residence, Springfield', 'Minor physical damage');
INSERT INTO devices (device_id, suspect_id, device_type, make_model, serial_number, seizure_date, seizure_location, condition_notes) VALUES (23, 14, 'smartphone', 'Samsung Galaxy S22', 'SN-SMA-100023', '2023-09-03', 'Suspect Residence, Georgetown', 'Encrypted, requires decryption');
INSERT INTO devices (device_id, suspect_id, device_type, make_model, serial_number, seizure_date, seizure_location, condition_notes) VALUES (24, 25, 'other', 'Unidentified Storage Media', 'SN-OTH-100024', '2024-12-26', 'Suspect Residence, Georgetown', 'Good condition');
INSERT INTO devices (device_id, suspect_id, device_type, make_model, serial_number, seizure_date, seizure_location, condition_notes) VALUES (25, 30, 'desktop', 'HP ProDesk 600', 'SN-DES-100025', '2026-03-20', 'Storage Unit, Georgetown', 'Powered on at seizure');
INSERT INTO devices (device_id, suspect_id, device_type, make_model, serial_number, seizure_date, seizure_location, condition_notes) VALUES (26, 2, 'external_hdd', 'Seagate Backup Plus 2TB', 'SN-EXT-100026', '2026-06-19', 'Storage Unit, Fairview', 'Good condition');
INSERT INTO devices (device_id, suspect_id, device_type, make_model, serial_number, seizure_date, seizure_location, condition_notes) VALUES (27, 7, 'tablet', 'Samsung Galaxy Tab S8', 'SN-TAB-100027', '2025-12-09', 'Suspect Residence, Georgetown', 'Powered on at seizure');
INSERT INTO devices (device_id, suspect_id, device_type, make_model, serial_number, seizure_date, seizure_location, condition_notes) VALUES (28, 15, 'external_hdd', 'Seagate Backup Plus 2TB', 'SN-EXT-100028', '2023-08-22', 'Data Center, Madison', 'Minor physical damage');
INSERT INTO devices (device_id, suspect_id, device_type, make_model, serial_number, seizure_date, seizure_location, condition_notes) VALUES (29, NULL, 'external_hdd', 'WD Elements 4TB', 'SN-EXT-100029', '2023-10-30', 'Office Premises, Springfield', 'Minor physical damage');
INSERT INTO devices (device_id, suspect_id, device_type, make_model, serial_number, seizure_date, seizure_location, condition_notes) VALUES (30, 12, 'smartphone', 'Google Pixel 7', 'SN-SMA-100030', '2025-10-08', 'Storage Unit, Madison', 'Water damage noted');
INSERT INTO devices (device_id, suspect_id, device_type, make_model, serial_number, seizure_date, seizure_location, condition_notes) VALUES (31, 37, 'external_hdd', 'WD Elements 4TB', 'SN-EXT-100031', '2023-05-20', 'Storage Unit, Georgetown', 'Powered on at seizure');
INSERT INTO devices (device_id, suspect_id, device_type, make_model, serial_number, seizure_date, seizure_location, condition_notes) VALUES (32, NULL, 'laptop', 'Lenovo ThinkPad X1', 'SN-LAP-100032', '2024-09-27', 'Storage Unit, Georgetown', 'Good condition');
INSERT INTO devices (device_id, suspect_id, device_type, make_model, serial_number, seizure_date, seizure_location, condition_notes) VALUES (33, 19, 'desktop', 'Custom Build Tower', NULL, '2023-07-04', 'Data Center, Madison', 'Water damage noted');
INSERT INTO devices (device_id, suspect_id, device_type, make_model, serial_number, seizure_date, seizure_location, condition_notes) VALUES (34, 38, 'other', 'Unidentified Storage Media', 'SN-OTH-100034', '2026-03-16', 'Office Premises, Fairview', 'Water damage noted');
INSERT INTO devices (device_id, suspect_id, device_type, make_model, serial_number, seizure_date, seizure_location, condition_notes) VALUES (35, 10, 'laptop', 'Apple MacBook Pro 14', 'SN-LAP-100035', '2024-12-04', 'Suspect Residence, Madison', 'Minor physical damage');
INSERT INTO devices (device_id, suspect_id, device_type, make_model, serial_number, seizure_date, seizure_location, condition_notes) VALUES (36, 29, 'cloud_account', 'Dropbox Business Account', 'SN-CLO-100036', '2023-11-22', 'Vehicle, Fairview', 'Powered on at seizure');
INSERT INTO devices (device_id, suspect_id, device_type, make_model, serial_number, seizure_date, seizure_location, condition_notes) VALUES (37, 22, 'laptop', 'Lenovo ThinkPad X1', 'SN-LAP-100037', '2023-07-13', 'Data Center, Georgetown', 'Powered on at seizure');
INSERT INTO devices (device_id, suspect_id, device_type, make_model, serial_number, seizure_date, seizure_location, condition_notes) VALUES (38, 43, 'smartphone', 'Samsung Galaxy S22', 'SN-SMA-100038', '2023-10-17', 'Vehicle, Fairview', 'Encrypted, requires decryption');
INSERT INTO devices (device_id, suspect_id, device_type, make_model, serial_number, seizure_date, seizure_location, condition_notes) VALUES (39, 6, 'usb_drive', 'Kingston DataTraveler 32GB', 'SN-USB-100039', '2024-11-03', 'Office Premises, Madison', 'Good condition');
INSERT INTO devices (device_id, suspect_id, device_type, make_model, serial_number, seizure_date, seizure_location, condition_notes) VALUES (40, 28, 'other', 'Unidentified Storage Media', 'SN-OTH-100040', '2024-09-24', 'Office Premises, Riverton', 'Powered on at seizure');
INSERT INTO devices (device_id, suspect_id, device_type, make_model, serial_number, seizure_date, seizure_location, condition_notes) VALUES (41, NULL, 'cloud_account', 'Google Workspace Account', 'SN-CLO-100041', '2023-10-09', 'Office Premises, Springfield', 'Powered on at seizure');
INSERT INTO devices (device_id, suspect_id, device_type, make_model, serial_number, seizure_date, seizure_location, condition_notes) VALUES (42, NULL, 'desktop', 'Custom Build Tower', 'SN-DES-100042', '2025-12-14', 'Suspect Residence, Fairview', 'Water damage noted');
INSERT INTO devices (device_id, suspect_id, device_type, make_model, serial_number, seizure_date, seizure_location, condition_notes) VALUES (43, 25, 'smartphone', 'Apple iPhone 13', 'SN-SMA-100043', '2026-07-03', 'Office Premises, Georgetown', 'Good condition');
INSERT INTO devices (device_id, suspect_id, device_type, make_model, serial_number, seizure_date, seizure_location, condition_notes) VALUES (44, 44, 'tablet', 'Samsung Galaxy Tab S8', 'SN-TAB-100044', '2025-07-08', 'Office Premises, Madison', 'Minor physical damage');
INSERT INTO devices (device_id, suspect_id, device_type, make_model, serial_number, seizure_date, seizure_location, condition_notes) VALUES (45, 31, 'tablet', 'Samsung Galaxy Tab S8', 'SN-TAB-100045', '2026-03-14', 'Storage Unit, Georgetown', 'Powered on at seizure');
INSERT INTO devices (device_id, suspect_id, device_type, make_model, serial_number, seizure_date, seizure_location, condition_notes) VALUES (46, NULL, 'other', 'Unidentified Storage Media', NULL, '2024-02-13', 'Data Center, Riverton', 'Powered on at seizure');
INSERT INTO devices (device_id, suspect_id, device_type, make_model, serial_number, seizure_date, seizure_location, condition_notes) VALUES (47, 31, 'external_hdd', 'Seagate Backup Plus 2TB', 'SN-EXT-100047', '2025-11-22', 'Suspect Residence, Fairview', 'Good condition');
INSERT INTO devices (device_id, suspect_id, device_type, make_model, serial_number, seizure_date, seizure_location, condition_notes) VALUES (48, NULL, 'usb_drive', 'Kingston DataTraveler 32GB', NULL, '2023-10-29', 'Storage Unit, Springfield', 'Minor physical damage');
INSERT INTO devices (device_id, suspect_id, device_type, make_model, serial_number, seizure_date, seizure_location, condition_notes) VALUES (49, NULL, 'external_hdd', 'Seagate Backup Plus 2TB', 'SN-EXT-100049', '2025-03-22', 'Data Center, Fairview', 'Minor physical damage');
INSERT INTO devices (device_id, suspect_id, device_type, make_model, serial_number, seizure_date, seizure_location, condition_notes) VALUES (50, 6, 'external_hdd', 'Seagate Backup Plus 2TB', 'SN-EXT-100050', '2023-07-22', 'Vehicle, Riverton', 'Minor physical damage');
INSERT INTO devices (device_id, suspect_id, device_type, make_model, serial_number, seizure_date, seizure_location, condition_notes) VALUES (51, 31, 'smartphone', 'Google Pixel 7', 'SN-SMA-100051', '2026-06-14', 'Suspect Residence, Springfield', 'Good condition');
INSERT INTO devices (device_id, suspect_id, device_type, make_model, serial_number, seizure_date, seizure_location, condition_notes) VALUES (52, 10, 'other', 'Unidentified Storage Media', 'SN-OTH-100052', '2024-08-13', 'Office Premises, Fairview', 'Good condition');
INSERT INTO devices (device_id, suspect_id, device_type, make_model, serial_number, seizure_date, seizure_location, condition_notes) VALUES (53, 27, 'cloud_account', 'Google Workspace Account', 'SN-CLO-100053', '2025-10-20', 'Data Center, Madison', 'Good condition');
INSERT INTO devices (device_id, suspect_id, device_type, make_model, serial_number, seizure_date, seizure_location, condition_notes) VALUES (54, 37, 'tablet', 'Apple iPad Air', 'SN-TAB-100054', '2023-01-04', 'Data Center, Fairview', 'Minor physical damage');
INSERT INTO devices (device_id, suspect_id, device_type, make_model, serial_number, seizure_date, seizure_location, condition_notes) VALUES (55, 12, 'desktop', 'Custom Build Tower', NULL, '2023-05-19', 'Data Center, Madison', 'Water damage noted');

-- ----------------------------------------------------------------------------
-- 12. digital_evidence
-- ----------------------------------------------------------------------------
INSERT INTO digital_evidence (evidence_id, evidence_code, case_id, device_id, type_id, status_id, current_location_id, collected_by, file_hash, file_size_bytes, description, date_collected, is_court_submitted) VALUES (1, 'EV-2026-00001', 33, 25, 16, 1, 11, 25, 'e353293f090d766e6547ea7d3e3b8da2e50a230e9a995fc1e4dde34b3b0268c7', 69760888, 'Evidence item extracted for case 33: disk sector image', '2025-01-20 19:24:05', 0);
INSERT INTO digital_evidence (evidence_id, evidence_code, case_id, device_id, type_id, status_id, current_location_id, collected_by, file_hash, file_size_bytes, description, date_collected, is_court_submitted) VALUES (2, 'EV-2026-00002', 16, 41, 4, 2, 3, 3, 'fcfbb62b244fad2cedd091be389c2d4e54bc36227842bb102a40a13fe190563b', 2760787185, 'Evidence item extracted for case 16: recovered financial record', '2026-06-21 13:52:05', 0);
INSERT INTO digital_evidence (evidence_id, evidence_code, case_id, device_id, type_id, status_id, current_location_id, collected_by, file_hash, file_size_bytes, description, date_collected, is_court_submitted) VALUES (3, 'EV-2026-00003', 30, NULL, 16, 6, 3, 5, '55f5220ca80594679692764bec56410f31ef01c782de0e866fc7fd42e1a33bad', 4052754302, 'Evidence item extracted for case 30: log file', '2023-08-13 22:10:42', 1);
INSERT INTO digital_evidence (evidence_id, evidence_code, case_id, device_id, type_id, status_id, current_location_id, collected_by, file_hash, file_size_bytes, description, date_collected, is_court_submitted) VALUES (4, 'EV-2026-00004', 13, NULL, 11, 5, 9, 26, 'db8e2cbc1b111de0eb21e875eb7e7da81c283ec45f308a6d10f0508c8d802dca', 2332300105, 'Evidence item extracted for case 13: log file', '2026-02-05 17:03:19', 1);
INSERT INTO digital_evidence (evidence_id, evidence_code, case_id, device_id, type_id, status_id, current_location_id, collected_by, file_hash, file_size_bytes, description, date_collected, is_court_submitted) VALUES (5, 'EV-2026-00005', 49, 19, 12, 1, 11, 22, '06215a6f4c53e348a7bf001bf615c0ca74b6febc33cbeb2f235f08a547393ca2', 3433150556, 'Evidence item extracted for case 49: captured traffic', '2025-04-10 02:43:41', 0);
INSERT INTO digital_evidence (evidence_id, evidence_code, case_id, device_id, type_id, status_id, current_location_id, collected_by, file_hash, file_size_bytes, description, date_collected, is_court_submitted) VALUES (6, 'EV-2026-00006', 48, 25, 11, 2, 8, 32, '80f9814f4a75a93b117ac00b0c95c3fb227c904a30a29f96bcfb426403bcb5ac', 4649782040, 'Evidence item extracted for case 48: log file', '2025-11-02 18:29:40', 0);
INSERT INTO digital_evidence (evidence_id, evidence_code, case_id, device_id, type_id, status_id, current_location_id, collected_by, file_hash, file_size_bytes, description, date_collected, is_court_submitted) VALUES (7, 'EV-2026-00007', 28, 53, 6, 2, 6, 7, '0a00b551139c02a5dcdcec7a622a0587b12f1d5a6c535c6670c5003a099e60ff', 2838627476, 'Evidence item extracted for case 28: captured traffic', '2025-12-24 08:44:54', 0);
INSERT INTO digital_evidence (evidence_id, evidence_code, case_id, device_id, type_id, status_id, current_location_id, collected_by, file_hash, file_size_bytes, description, date_collected, is_court_submitted) VALUES (8, 'EV-2026-00008', 39, 11, 15, 6, 8, 3, '8675b8042a5799260bb93e928b4b39158ac056cfe807f9410744f742a8996308', 3915324268, 'Evidence item extracted for case 39: disk sector image', '2025-11-08 21:39:44', 0);
INSERT INTO digital_evidence (evidence_id, evidence_code, case_id, device_id, type_id, status_id, current_location_id, collected_by, file_hash, file_size_bytes, description, date_collected, is_court_submitted) VALUES (9, 'EV-2026-00009', 41, NULL, 2, 1, 11, 26, 'eb5e4bc2373e5497abeda6864d8e0d8e923df6d145594d0a23045c7bafe54d37', 2918047360, 'Evidence item extracted for case 41: recovered document', '2024-05-16 17:00:23', 0);
INSERT INTO digital_evidence (evidence_id, evidence_code, case_id, device_id, type_id, status_id, current_location_id, collected_by, file_hash, file_size_bytes, description, date_collected, is_court_submitted) VALUES (10, 'EV-2026-00010', 39, 29, 2, 6, 2, 16, '09500de7bca164bfae041dc55975656e65f48658f6eeef5dcf7f9ccdef36146d', 1573369830, 'Evidence item extracted for case 39: log file', '2025-05-12 16:55:23', 0);
INSERT INTO digital_evidence (evidence_id, evidence_code, case_id, device_id, type_id, status_id, current_location_id, collected_by, file_hash, file_size_bytes, description, date_collected, is_court_submitted) VALUES (11, 'EV-2026-00011', 39, 29, 12, 6, 8, 5, '4a2356b57e38b6380192c9b14f5fdea578b3972e66f55e0a0bb6117588fcd73d', 2274013913, 'Evidence item extracted for case 39: disk sector image', '2025-05-24 11:53:32', 1);
INSERT INTO digital_evidence (evidence_id, evidence_code, case_id, device_id, type_id, status_id, current_location_id, collected_by, file_hash, file_size_bytes, description, date_collected, is_court_submitted) VALUES (12, 'EV-2026-00012', 16, NULL, 1, 2, 8, 34, 'b383defb9949c55fc7c6cbb4eda9e8867eb865cd590b8edb32210de9f7fc259d', 2412366955, 'Evidence item extracted for case 16: disk sector image', '2026-03-03 03:58:03', 0);
INSERT INTO digital_evidence (evidence_id, evidence_code, case_id, device_id, type_id, status_id, current_location_id, collected_by, file_hash, file_size_bytes, description, date_collected, is_court_submitted) VALUES (13, 'EV-2026-00013', 46, 40, 10, 7, 4, 8, '195bb3b39d2938ea39a576947a50f048be01a7f8314d9c2e6ff8435d9c69c0be', 318052122, 'Evidence item extracted for case 46: captured traffic', '2023-11-23 09:16:26', 0);
INSERT INTO digital_evidence (evidence_id, evidence_code, case_id, device_id, type_id, status_id, current_location_id, collected_by, file_hash, file_size_bytes, description, date_collected, is_court_submitted) VALUES (14, 'EV-2026-00014', 6, NULL, 11, 2, 12, 5, '54f884a973364a4eb284792447bb5850927286bb66960cdb395706204d144ea2', 4971448197, 'Evidence item extracted for case 6: disk sector image', '2024-12-08 18:34:59', 0);
INSERT INTO digital_evidence (evidence_id, evidence_code, case_id, device_id, type_id, status_id, current_location_id, collected_by, file_hash, file_size_bytes, description, date_collected, is_court_submitted) VALUES (15, 'EV-2026-00015', 33, 13, 5, 2, 8, 2, '58cb01c926ca20b61a83b15e0e94ee8bcf2665cdf5599a206a212951de027fd8', 2457913770, 'Evidence item extracted for case 33: extracted chat history', '2025-11-27 09:04:34', 0);
INSERT INTO digital_evidence (evidence_id, evidence_code, case_id, device_id, type_id, status_id, current_location_id, collected_by, file_hash, file_size_bytes, description, date_collected, is_court_submitted) VALUES (16, 'EV-2026-00016', 9, 6, 3, 6, 7, 31, '925a43049826a1a7d8b9e2b25caa10f5ed0e87284fa4a345566690646228e9ec', 3303537629, 'Evidence item extracted for case 9: disk sector image', '2026-03-27 21:55:32', 1);
INSERT INTO digital_evidence (evidence_id, evidence_code, case_id, device_id, type_id, status_id, current_location_id, collected_by, file_hash, file_size_bytes, description, date_collected, is_court_submitted) VALUES (17, 'EV-2026-00017', 42, 30, 22, 2, 3, 12, 'c1d6011c0f8bc9669793893826b42943a0dfaa4d1f2ba7e7028e441da558747c', 554193369, 'Evidence item extracted for case 42: log file', '2026-01-13 20:29:06', 0);
INSERT INTO digital_evidence (evidence_id, evidence_code, case_id, device_id, type_id, status_id, current_location_id, collected_by, file_hash, file_size_bytes, description, date_collected, is_court_submitted) VALUES (18, 'EV-2026-00018', 34, 11, 6, 6, 12, 15, 'ff0227f5309fe2162d5edbf5f3b52188b18dafd3c63dbb91ae3ba4fc1e174417', 3843678590, 'Evidence item extracted for case 34: recovered financial record', '2025-08-06 23:45:24', 1);
INSERT INTO digital_evidence (evidence_id, evidence_code, case_id, device_id, type_id, status_id, current_location_id, collected_by, file_hash, file_size_bytes, description, date_collected, is_court_submitted) VALUES (19, 'EV-2026-00019', 36, 41, 10, 1, 9, 11, 'dd80002699468fd0dd1b29967596d8d0af303f9acff53a5dda7474df11e87c91', 2493858782, 'Evidence item extracted for case 36: recovered financial record', '2025-02-07 06:49:18', 0);
INSERT INTO digital_evidence (evidence_id, evidence_code, case_id, device_id, type_id, status_id, current_location_id, collected_by, file_hash, file_size_bytes, description, date_collected, is_court_submitted) VALUES (20, 'EV-2026-00020', 40, 39, 11, 5, 1, 6, '6987efc04656bd74365a2d0003d7c7b164ab10dd873fb2a9f7a922eb66fb5469', 2477214610, 'Evidence item extracted for case 40: extracted chat history', '2025-11-07 06:26:17', 1);
INSERT INTO digital_evidence (evidence_id, evidence_code, case_id, device_id, type_id, status_id, current_location_id, collected_by, file_hash, file_size_bytes, description, date_collected, is_court_submitted) VALUES (21, 'EV-2026-00021', 27, 2, 16, 6, 11, 20, 'd53dca82f6960690dd3039cf4ddccb4a84787bfe198c529232945016f851e023', 2942014279, 'Evidence item extracted for case 27: recovered financial record', '2023-04-22 05:04:16', 0);
INSERT INTO digital_evidence (evidence_id, evidence_code, case_id, device_id, type_id, status_id, current_location_id, collected_by, file_hash, file_size_bytes, description, date_collected, is_court_submitted) VALUES (22, 'EV-2026-00022', 4, 27, 16, 5, 4, 22, 'fb9e2f4297538a19e4569ffe444bc708a8692f9e5f8c8b1ff919158e54b90878', 3085346124, 'Evidence item extracted for case 4: disk sector image', '2026-04-01 14:28:31', 1);
INSERT INTO digital_evidence (evidence_id, evidence_code, case_id, device_id, type_id, status_id, current_location_id, collected_by, file_hash, file_size_bytes, description, date_collected, is_court_submitted) VALUES (23, 'EV-2026-00023', 26, 24, 17, 1, 6, 16, '11b65cfdcc6b9b5cfdb181033dee8f7c65e2369de913eb02e1c5129f65f03fa5', 1148783122, 'Evidence item extracted for case 26: recovered document', '2026-02-26 11:23:08', 0);
INSERT INTO digital_evidence (evidence_id, evidence_code, case_id, device_id, type_id, status_id, current_location_id, collected_by, file_hash, file_size_bytes, description, date_collected, is_court_submitted) VALUES (24, 'EV-2026-00024', 7, 25, 20, 3, 4, 11, '0ec9b30ee8633b99bd4b3030248987c4b4d27febb96ea587f3bef6b259d63880', 3097224063, 'Evidence item extracted for case 7: recovered document', '2025-04-13 18:45:50', 0);
INSERT INTO digital_evidence (evidence_id, evidence_code, case_id, device_id, type_id, status_id, current_location_id, collected_by, file_hash, file_size_bytes, description, date_collected, is_court_submitted) VALUES (25, 'EV-2026-00025', 32, NULL, 15, 7, 5, 32, '213f6044085700e2b83aa53f8d94673a4906ab7bc9443152779500fcb276e292', 4059744999, 'Evidence item extracted for case 32: recovered document', '2026-06-11 11:32:30', 0);
INSERT INTO digital_evidence (evidence_id, evidence_code, case_id, device_id, type_id, status_id, current_location_id, collected_by, file_hash, file_size_bytes, description, date_collected, is_court_submitted) VALUES (26, 'EV-2026-00026', 14, 4, 2, 2, 8, 31, 'ccfe7a7381008e47c598931b7323930c67a0604258d4c35a1542717c43a02b6b', 4330089998, 'Evidence item extracted for case 14: captured traffic', '2024-08-12 19:53:27', 0);
INSERT INTO digital_evidence (evidence_id, evidence_code, case_id, device_id, type_id, status_id, current_location_id, collected_by, file_hash, file_size_bytes, description, date_collected, is_court_submitted) VALUES (27, 'EV-2026-00027', 9, NULL, 12, 7, 6, 3, '24b542c409ea5af2757e75747718520de35005680066fd6af3a0c11ed7b9b223', 836039177, 'Evidence item extracted for case 9: extracted chat history', '2026-04-07 08:14:43', 1);
INSERT INTO digital_evidence (evidence_id, evidence_code, case_id, device_id, type_id, status_id, current_location_id, collected_by, file_hash, file_size_bytes, description, date_collected, is_court_submitted) VALUES (28, 'EV-2026-00028', 29, 18, 20, 5, 3, 7, '269d4e3c34b52629de9a8e5574a9b21024a7151429cb99980583549a4d01d1d3', 4032754430, 'Evidence item extracted for case 29: recovered document', '2025-07-18 17:34:15', 1);
INSERT INTO digital_evidence (evidence_id, evidence_code, case_id, device_id, type_id, status_id, current_location_id, collected_by, file_hash, file_size_bytes, description, date_collected, is_court_submitted) VALUES (29, 'EV-2026-00029', 13, 26, 17, 4, 1, 3, '216e39ccee0474b330d00ec7fb14e87d9a63218ae141da0c12ee545603e19a47', 1962751953, 'Evidence item extracted for case 13: extracted chat history', '2026-06-22 18:45:27', 0);
INSERT INTO digital_evidence (evidence_id, evidence_code, case_id, device_id, type_id, status_id, current_location_id, collected_by, file_hash, file_size_bytes, description, date_collected, is_court_submitted) VALUES (30, 'EV-2026-00030', 9, 40, 11, 6, 7, 20, '9adbdec5c13d84f3d694404bb58b2e1cc40537ff0273ac1af626279c861e7d3e', 2417742319, 'Evidence item extracted for case 9: disk sector image', '2026-04-16 09:17:23', 0);
INSERT INTO digital_evidence (evidence_id, evidence_code, case_id, device_id, type_id, status_id, current_location_id, collected_by, file_hash, file_size_bytes, description, date_collected, is_court_submitted) VALUES (31, 'EV-2026-00031', 22, 27, 19, 6, 12, 2, 'cdef3a95bf786e5098683d00a6515753c02182c2a968556f19d3522d01ac36f5', 4515537066, 'Evidence item extracted for case 22: recovered financial record', '2025-10-11 22:06:26', 1);
INSERT INTO digital_evidence (evidence_id, evidence_code, case_id, device_id, type_id, status_id, current_location_id, collected_by, file_hash, file_size_bytes, description, date_collected, is_court_submitted) VALUES (32, 'EV-2026-00032', 47, 54, 13, 4, 11, 16, 'fe8693783da4804db2a47cccc7b8367784761606f5cc6ddc42f8a03fdd71af11', 471998698, 'Evidence item extracted for case 47: captured traffic', '2025-10-09 16:30:32', 0);
INSERT INTO digital_evidence (evidence_id, evidence_code, case_id, device_id, type_id, status_id, current_location_id, collected_by, file_hash, file_size_bytes, description, date_collected, is_court_submitted) VALUES (33, 'EV-2026-00033', 21, 27, 7, 3, 9, 31, 'eec1bc87f1cdced72c0492208fcec4b369d8a84e654d01c5bf2c068119c52a86', 4562464415, 'Evidence item extracted for case 21: extracted chat history', '2024-10-27 14:02:38', 0);
INSERT INTO digital_evidence (evidence_id, evidence_code, case_id, device_id, type_id, status_id, current_location_id, collected_by, file_hash, file_size_bytes, description, date_collected, is_court_submitted) VALUES (34, 'EV-2026-00034', 14, 43, 16, 3, 6, 12, '0da626e5f97c029f9511fc9b13cf260e64056c352dd0832dcafe29205598f866', 2289764325, 'Evidence item extracted for case 14: disk sector image', '2025-07-19 15:16:15', 0);
INSERT INTO digital_evidence (evidence_id, evidence_code, case_id, device_id, type_id, status_id, current_location_id, collected_by, file_hash, file_size_bytes, description, date_collected, is_court_submitted) VALUES (35, 'EV-2026-00035', 44, 47, 22, 6, 10, 31, 'b7592145297fee937d407a4dd65635a0d45b5379dcc3b7539f5507e7f6fd8ef3', 1058792656, 'Evidence item extracted for case 44: disk sector image', '2024-05-10 06:12:49', 1);
INSERT INTO digital_evidence (evidence_id, evidence_code, case_id, device_id, type_id, status_id, current_location_id, collected_by, file_hash, file_size_bytes, description, date_collected, is_court_submitted) VALUES (36, 'EV-2026-00036', 50, 14, 16, 6, 8, 23, 'cdf010ddea37d9cd5ed7325ff515808ea95e3cfab0864ecb511e46b1416f54e6', 3099525949, 'Evidence item extracted for case 50: recovered financial record', '2024-10-12 06:35:52', 1);
INSERT INTO digital_evidence (evidence_id, evidence_code, case_id, device_id, type_id, status_id, current_location_id, collected_by, file_hash, file_size_bytes, description, date_collected, is_court_submitted) VALUES (37, 'EV-2026-00037', 35, 26, 12, 4, 5, 3, 'b33ca7711d0ba5d4fbd584469bcae1b05cbae6d6ca528be3ecb0b5b0b22fc6b8', 3067214523, 'Evidence item extracted for case 35: captured traffic', '2026-03-15 14:10:15', 0);
INSERT INTO digital_evidence (evidence_id, evidence_code, case_id, device_id, type_id, status_id, current_location_id, collected_by, file_hash, file_size_bytes, description, date_collected, is_court_submitted) VALUES (38, 'EV-2026-00038', 42, 31, 7, 2, 9, 18, '72df9bd872658e359e6e106bfae71318b1fd0243d47cea452fa0aad76aa3bb47', 2990033993, 'Evidence item extracted for case 42: log file', '2026-02-14 15:28:36', 0);
INSERT INTO digital_evidence (evidence_id, evidence_code, case_id, device_id, type_id, status_id, current_location_id, collected_by, file_hash, file_size_bytes, description, date_collected, is_court_submitted) VALUES (39, 'EV-2026-00039', 40, 16, 8, 5, 11, 34, '8e2275839fb4f5684ea9b3fa6a455961c69d2f0d88428d53ace770f6154ea856', 1000026437, 'Evidence item extracted for case 40: captured traffic', '2025-10-16 18:57:22', 1);
INSERT INTO digital_evidence (evidence_id, evidence_code, case_id, device_id, type_id, status_id, current_location_id, collected_by, file_hash, file_size_bytes, description, date_collected, is_court_submitted) VALUES (40, 'EV-2026-00040', 22, 7, 22, 6, 1, 11, '97e82cb269b6220d9f40bd3ceb9981d68e8ccbb64d4fc28cd1fee689c1839b78', 3772698685, 'Evidence item extracted for case 22: disk sector image', '2025-10-10 18:08:33', 0);
INSERT INTO digital_evidence (evidence_id, evidence_code, case_id, device_id, type_id, status_id, current_location_id, collected_by, file_hash, file_size_bytes, description, date_collected, is_court_submitted) VALUES (41, 'EV-2026-00041', 21, 4, 3, 2, 9, 3, '9da846f9887af3b8ec120092699006692df4d7749d95d8ce9e1b4de21cd706de', 751898527, 'Evidence item extracted for case 21: recovered document', '2026-05-28 14:14:17', 0);
INSERT INTO digital_evidence (evidence_id, evidence_code, case_id, device_id, type_id, status_id, current_location_id, collected_by, file_hash, file_size_bytes, description, date_collected, is_court_submitted) VALUES (42, 'EV-2026-00042', 3, NULL, 13, 7, 3, 19, 'd10f208ded78334d0e39d8debdd801481c19ee0c3217d8874d817b9e4a9a91b0', 39803203, 'Evidence item extracted for case 3: disk sector image', '2026-03-08 21:43:24', 0);
INSERT INTO digital_evidence (evidence_id, evidence_code, case_id, device_id, type_id, status_id, current_location_id, collected_by, file_hash, file_size_bytes, description, date_collected, is_court_submitted) VALUES (43, 'EV-2026-00043', 19, 42, 18, 7, 3, 33, 'bf5af0d075cbb2e782852f0395d32314cb6f70c9a2f10a224a1e91dc52751b8e', 483815177, 'Evidence item extracted for case 19: recovered financial record', '2026-04-02 05:19:10', 0);
INSERT INTO digital_evidence (evidence_id, evidence_code, case_id, device_id, type_id, status_id, current_location_id, collected_by, file_hash, file_size_bytes, description, date_collected, is_court_submitted) VALUES (44, 'EV-2026-00044', 17, 1, 11, 6, 10, 13, 'b8923932b68342e284c29d9b4464acb5fa553170db69ab045f92153dd185cace', 3852770363, 'Evidence item extracted for case 17: log file', '2024-04-24 20:37:14', 0);
INSERT INTO digital_evidence (evidence_id, evidence_code, case_id, device_id, type_id, status_id, current_location_id, collected_by, file_hash, file_size_bytes, description, date_collected, is_court_submitted) VALUES (45, 'EV-2026-00045', 26, 12, 5, 3, 6, 16, 'a538174dc570ea7a51359bca8ee68ce0a5de8cd7d2b0a6da8a343c2c688b574d', 1647440499, 'Evidence item extracted for case 26: disk sector image', '2026-04-06 01:56:18', 0);
INSERT INTO digital_evidence (evidence_id, evidence_code, case_id, device_id, type_id, status_id, current_location_id, collected_by, file_hash, file_size_bytes, description, date_collected, is_court_submitted) VALUES (46, 'EV-2026-00046', 22, 47, 19, 5, 5, 24, 'dc9067808198b7d71de8ac7bd3ac106940c692e1fd3ed3ea24edf222684def4b', 4561790281, 'Evidence item extracted for case 22: captured traffic', '2025-05-24 05:56:07', 1);
INSERT INTO digital_evidence (evidence_id, evidence_code, case_id, device_id, type_id, status_id, current_location_id, collected_by, file_hash, file_size_bytes, description, date_collected, is_court_submitted) VALUES (47, 'EV-2026-00047', 20, 44, 17, 6, 12, 8, 'd3f9198bfe7bca3d868f7a4655ffef56478ffdc7e5043e686b98aacfe52e9b69', 4040000261, 'Evidence item extracted for case 20: recovered document', '2025-09-28 01:45:26', 0);
INSERT INTO digital_evidence (evidence_id, evidence_code, case_id, device_id, type_id, status_id, current_location_id, collected_by, file_hash, file_size_bytes, description, date_collected, is_court_submitted) VALUES (48, 'EV-2026-00048', 9, 30, 20, 6, 7, 31, '0de5e1275c1531178225b2b58a72d868e6ee345f2b085db06b2904ba51dd44cf', 3545941114, 'Evidence item extracted for case 9: extracted chat history', '2026-04-05 08:19:05', 0);
INSERT INTO digital_evidence (evidence_id, evidence_code, case_id, device_id, type_id, status_id, current_location_id, collected_by, file_hash, file_size_bytes, description, date_collected, is_court_submitted) VALUES (49, 'EV-2026-00049', 6, 34, 12, 1, 10, 8, 'dfd9fcd4a5087fff9e99cbebccefad42934d19e5177d7a11b3289276de806408', 2171051423, 'Evidence item extracted for case 6: recovered document', '2026-06-25 00:08:27', 0);
INSERT INTO digital_evidence (evidence_id, evidence_code, case_id, device_id, type_id, status_id, current_location_id, collected_by, file_hash, file_size_bytes, description, date_collected, is_court_submitted) VALUES (50, 'EV-2026-00050', 11, 34, 15, 5, 11, 14, '091c8e5c6aa6e610ae070dfb2645c6b911852a19cc5b6023a75cf2c6c8af3ecb', 2099501177, 'Evidence item extracted for case 11: captured traffic', '2026-03-05 10:31:17', 1);
INSERT INTO digital_evidence (evidence_id, evidence_code, case_id, device_id, type_id, status_id, current_location_id, collected_by, file_hash, file_size_bytes, description, date_collected, is_court_submitted) VALUES (51, 'EV-2026-00051', 4, 33, 14, 5, 10, 4, '75b2aea47a21f42903d09fe119327ce9c693fc5aff61c167b41e79664dc179cd', 93504421, 'Evidence item extracted for case 4: log file', '2025-03-24 23:25:34', 1);
INSERT INTO digital_evidence (evidence_id, evidence_code, case_id, device_id, type_id, status_id, current_location_id, collected_by, file_hash, file_size_bytes, description, date_collected, is_court_submitted) VALUES (52, 'EV-2026-00052', 48, 5, 2, 3, 6, 5, '1d221ee2c647097036bb38bc6e6088e5472d048fc9648c5f7d03bd5285989347', 4553764287, 'Evidence item extracted for case 48: captured traffic', '2024-04-29 13:13:12', 0);
INSERT INTO digital_evidence (evidence_id, evidence_code, case_id, device_id, type_id, status_id, current_location_id, collected_by, file_hash, file_size_bytes, description, date_collected, is_court_submitted) VALUES (53, 'EV-2026-00053', 3, 12, 5, 7, 6, 25, '2a17e9712c2ceb1751dd89121528ed733ac42c5c453ae7f9ce28fcbbadf3c9b6', 1621335508, 'Evidence item extracted for case 3: recovered financial record', '2026-02-13 05:29:52', 0);
INSERT INTO digital_evidence (evidence_id, evidence_code, case_id, device_id, type_id, status_id, current_location_id, collected_by, file_hash, file_size_bytes, description, date_collected, is_court_submitted) VALUES (54, 'EV-2026-00054', 35, 23, 4, 4, 9, 26, '74cdf77236db85214434467b23a593f49f6e526c16d2433aa463f62ac5ab6930', 4309885990, 'Evidence item extracted for case 35: disk sector image', '2026-01-11 17:57:15', 0);
INSERT INTO digital_evidence (evidence_id, evidence_code, case_id, device_id, type_id, status_id, current_location_id, collected_by, file_hash, file_size_bytes, description, date_collected, is_court_submitted) VALUES (55, 'EV-2026-00055', 30, 35, 14, 7, 4, 16, 'e7f68bd199f3062816cd08cc71970627843c3cc9c52a6448fbf8a10b8e40787e', 666242268, 'Evidence item extracted for case 30: recovered financial record', '2023-08-28 15:11:28', 0);
INSERT INTO digital_evidence (evidence_id, evidence_code, case_id, device_id, type_id, status_id, current_location_id, collected_by, file_hash, file_size_bytes, description, date_collected, is_court_submitted) VALUES (56, 'EV-2026-00056', 49, 52, 22, 3, 10, 2, 'dbcc889ff9c785f62b0f44bfdeeb635ceb6d97cf49054e18b34afdc78b7fccdf', 289013266, 'Evidence item extracted for case 49: log file', '2025-12-09 23:50:34', 0);
INSERT INTO digital_evidence (evidence_id, evidence_code, case_id, device_id, type_id, status_id, current_location_id, collected_by, file_hash, file_size_bytes, description, date_collected, is_court_submitted) VALUES (57, 'EV-2026-00057', 29, 46, 2, 6, 12, 3, 'e47197eb99aeb638508cdb6747e3fea77ebe0e0ab07d0e144900f20390b04ecd', 242426327, 'Evidence item extracted for case 29: recovered document', '2025-01-04 17:17:57', 0);
INSERT INTO digital_evidence (evidence_id, evidence_code, case_id, device_id, type_id, status_id, current_location_id, collected_by, file_hash, file_size_bytes, description, date_collected, is_court_submitted) VALUES (58, 'EV-2026-00058', 47, 37, 20, 5, 4, 20, 'a927ee9cca963c072097a4f4cea5b30051f52865546b8d74a758790c0bc6afad', 2238757279, 'Evidence item extracted for case 47: disk sector image', '2026-03-11 22:39:37', 1);
INSERT INTO digital_evidence (evidence_id, evidence_code, case_id, device_id, type_id, status_id, current_location_id, collected_by, file_hash, file_size_bytes, description, date_collected, is_court_submitted) VALUES (59, 'EV-2026-00059', 18, 38, 6, 3, 9, 32, '30c1651fe4c207e21ab22960d75d854e06853f6ec5fba85b3d5c8c211bccdb96', 2252552707, 'Evidence item extracted for case 18: captured traffic', '2025-12-06 01:42:26', 0);
INSERT INTO digital_evidence (evidence_id, evidence_code, case_id, device_id, type_id, status_id, current_location_id, collected_by, file_hash, file_size_bytes, description, date_collected, is_court_submitted) VALUES (60, 'EV-2026-00060', 10, 12, 18, 3, 4, 15, '3748cbae4496442d04b3ef91a7e9d6d7139229bff0368e0152a6c5326cca8411', 3039020254, 'Evidence item extracted for case 10: captured traffic', '2026-06-17 01:30:45', 0);
INSERT INTO digital_evidence (evidence_id, evidence_code, case_id, device_id, type_id, status_id, current_location_id, collected_by, file_hash, file_size_bytes, description, date_collected, is_court_submitted) VALUES (61, 'EV-2026-00061', 4, 27, 18, 4, 7, 16, 'bf6a8edd187ba81db8ca61a6cceb7d041368657f77e2abaa7be0bfd702bf5951', 4634573235, 'Evidence item extracted for case 4: disk sector image', '2025-08-23 16:38:02', 0);
INSERT INTO digital_evidence (evidence_id, evidence_code, case_id, device_id, type_id, status_id, current_location_id, collected_by, file_hash, file_size_bytes, description, date_collected, is_court_submitted) VALUES (62, 'EV-2026-00062', 6, 54, 7, 1, 5, 25, 'b3a6539e280f1dc55d1ccb93e90751a6d356bcfd318edb7ee037ff4a17139c5f', 2589531508, 'Evidence item extracted for case 6: recovered document', '2024-07-04 09:35:47', 0);
INSERT INTO digital_evidence (evidence_id, evidence_code, case_id, device_id, type_id, status_id, current_location_id, collected_by, file_hash, file_size_bytes, description, date_collected, is_court_submitted) VALUES (63, 'EV-2026-00063', 49, 43, 18, 2, 8, 14, 'dec9b8b43cf87b16d9af93d41144ebdb3bfd548b3fd35f3e053f9cbdf81fabad', 1430071845, 'Evidence item extracted for case 49: recovered document', '2023-06-25 03:40:55', 0);
INSERT INTO digital_evidence (evidence_id, evidence_code, case_id, device_id, type_id, status_id, current_location_id, collected_by, file_hash, file_size_bytes, description, date_collected, is_court_submitted) VALUES (64, 'EV-2026-00064', 13, NULL, 4, 5, 4, 14, '12a84f3689d8c01e6fa472273e6d278d2721895d0b55ccf4190cca56bb9e1907', 1215731027, 'Evidence item extracted for case 13: extracted chat history', '2026-04-29 09:46:09', 1);
INSERT INTO digital_evidence (evidence_id, evidence_code, case_id, device_id, type_id, status_id, current_location_id, collected_by, file_hash, file_size_bytes, description, date_collected, is_court_submitted) VALUES (65, 'EV-2026-00065', 42, 17, 12, 3, 8, 7, '8b5b8a49abe4146cf2ff91ac6126fefd36710d616b5e2ec58dd3021fa85ebcc1', 3102743694, 'Evidence item extracted for case 42: recovered document', '2026-04-26 16:47:25', 0);
INSERT INTO digital_evidence (evidence_id, evidence_code, case_id, device_id, type_id, status_id, current_location_id, collected_by, file_hash, file_size_bytes, description, date_collected, is_court_submitted) VALUES (66, 'EV-2026-00066', 24, 3, 19, 2, 12, 10, '552831fb52e97398c761979694d1072f1026a871a8f2e484d793e53ceed93728', 3092428749, 'Evidence item extracted for case 24: recovered document', '2025-01-31 14:46:59', 0);
INSERT INTO digital_evidence (evidence_id, evidence_code, case_id, device_id, type_id, status_id, current_location_id, collected_by, file_hash, file_size_bytes, description, date_collected, is_court_submitted) VALUES (67, 'EV-2026-00067', 13, 25, 19, 4, 8, 22, '64ada6d787e018fc2dd0eec8160e45750b5cdb795107cda9dbce1359a8dff9cf', 3528711526, 'Evidence item extracted for case 13: captured traffic', '2026-05-08 20:40:56', 0);
INSERT INTO digital_evidence (evidence_id, evidence_code, case_id, device_id, type_id, status_id, current_location_id, collected_by, file_hash, file_size_bytes, description, date_collected, is_court_submitted) VALUES (68, 'EV-2026-00068', 11, 23, 6, 6, 12, 35, '491d64900a25313943b156d8ec29cdf71a7a0cc56c2aade7d8d184e709d17a82', 4547220572, 'Evidence item extracted for case 11: log file', '2025-12-02 21:37:48', 0);
INSERT INTO digital_evidence (evidence_id, evidence_code, case_id, device_id, type_id, status_id, current_location_id, collected_by, file_hash, file_size_bytes, description, date_collected, is_court_submitted) VALUES (69, 'EV-2026-00069', 43, 1, 14, 2, 11, 15, 'fb033d548435a6ffc2f58f07c46a37122e4c33567d2e9d796c94dc8f07944a68', 648668416, 'Evidence item extracted for case 43: extracted chat history', '2024-11-15 05:13:48', 0);
INSERT INTO digital_evidence (evidence_id, evidence_code, case_id, device_id, type_id, status_id, current_location_id, collected_by, file_hash, file_size_bytes, description, date_collected, is_court_submitted) VALUES (70, 'EV-2026-00070', 30, 40, 21, 7, 11, 32, 'c46feb776ff63e43759196c9dea823a3d3020db2337af14850a2a4d75d07cc90', 1766686464, 'Evidence item extracted for case 30: disk sector image', '2023-08-11 22:58:29', 0);
INSERT INTO digital_evidence (evidence_id, evidence_code, case_id, device_id, type_id, status_id, current_location_id, collected_by, file_hash, file_size_bytes, description, date_collected, is_court_submitted) VALUES (71, 'EV-2026-00071', 35, NULL, 1, 5, 3, 7, '1aca37c8f015f6137bcb218e52bc045b766a47ff6d9898fc98c8331685930695', 2252219178, 'Evidence item extracted for case 35: recovered document', '2026-02-23 02:59:46', 1);
INSERT INTO digital_evidence (evidence_id, evidence_code, case_id, device_id, type_id, status_id, current_location_id, collected_by, file_hash, file_size_bytes, description, date_collected, is_court_submitted) VALUES (72, 'EV-2026-00072', 40, 53, 12, 6, 7, 6, '5723455f5e37b247f872a8647c548419c25a0e0d8d2a6c9202d71a82ab4444fa', 1743875468, 'Evidence item extracted for case 40: recovered financial record', '2026-01-15 01:06:03', 1);
INSERT INTO digital_evidence (evidence_id, evidence_code, case_id, device_id, type_id, status_id, current_location_id, collected_by, file_hash, file_size_bytes, description, date_collected, is_court_submitted) VALUES (73, 'EV-2026-00073', 15, 53, 3, 4, 2, 26, 'ee3b0ef7c362b55b8b9fd6e2763bb91f517efc79f65ffc0f01f56e13f2f5df9b', 2373835634, 'Evidence item extracted for case 15: recovered financial record', '2024-08-28 22:03:29', 0);
INSERT INTO digital_evidence (evidence_id, evidence_code, case_id, device_id, type_id, status_id, current_location_id, collected_by, file_hash, file_size_bytes, description, date_collected, is_court_submitted) VALUES (74, 'EV-2026-00074', 1, 6, 16, 3, 11, 22, '3d64674a6cc88c896d6abbbaf523ec29a4305a2004191bfcca05495aaad36fe9', 4704544279, 'Evidence item extracted for case 1: log file', '2025-08-21 19:12:05', 0);
INSERT INTO digital_evidence (evidence_id, evidence_code, case_id, device_id, type_id, status_id, current_location_id, collected_by, file_hash, file_size_bytes, description, date_collected, is_court_submitted) VALUES (75, 'EV-2026-00075', 15, 45, 19, 5, 5, 3, '2bd4f0c0413f6fb486a977f765585ed2d996034c2a93ee6365c4596cf3c7333d', 2826558712, 'Evidence item extracted for case 15: disk sector image', '2024-12-02 15:24:36', 1);
INSERT INTO digital_evidence (evidence_id, evidence_code, case_id, device_id, type_id, status_id, current_location_id, collected_by, file_hash, file_size_bytes, description, date_collected, is_court_submitted) VALUES (76, 'EV-2026-00076', 2, NULL, 19, 6, 12, 26, 'd3a8a8a5611ffe95086e7a9b7535f052ab311d2fea092190e63a4260cf8e288b', 1285385479, 'Evidence item extracted for case 2: captured traffic', '2025-11-19 08:56:34', 1);
INSERT INTO digital_evidence (evidence_id, evidence_code, case_id, device_id, type_id, status_id, current_location_id, collected_by, file_hash, file_size_bytes, description, date_collected, is_court_submitted) VALUES (77, 'EV-2026-00077', 44, NULL, 11, 7, 12, 9, 'ccaedc753e41a7ed98b00a9183ca21fc17b1441f3f9175a9855b1a6d60d1a486', 4631812685, 'Evidence item extracted for case 44: captured traffic', '2024-05-28 15:38:39', 1);
INSERT INTO digital_evidence (evidence_id, evidence_code, case_id, device_id, type_id, status_id, current_location_id, collected_by, file_hash, file_size_bytes, description, date_collected, is_court_submitted) VALUES (78, 'EV-2026-00078', 15, NULL, 11, 5, 6, 2, 'f525db0e2e7ebeada081081e450c3585dc6ab377c1894f91d2ffee4d5436f051', 1935099365, 'Evidence item extracted for case 15: disk sector image', '2025-01-09 12:48:28', 1);
INSERT INTO digital_evidence (evidence_id, evidence_code, case_id, device_id, type_id, status_id, current_location_id, collected_by, file_hash, file_size_bytes, description, date_collected, is_court_submitted) VALUES (79, 'EV-2026-00079', 36, NULL, 14, 2, 11, 25, '51636743ccf22b5f0a5e30f31f0b7265ccb7f67cf764d2aa6a777df4246072bc', 2656936058, 'Evidence item extracted for case 36: recovered financial record', '2025-06-04 04:18:49', 0);
INSERT INTO digital_evidence (evidence_id, evidence_code, case_id, device_id, type_id, status_id, current_location_id, collected_by, file_hash, file_size_bytes, description, date_collected, is_court_submitted) VALUES (80, 'EV-2026-00080', 5, 10, 13, 2, 12, 25, 'cdd4c339a86486c1b66f3d0f009df21a3c44631fb8af6dbd9eff18ec0e4b1d22', 457633756, 'Evidence item extracted for case 5: disk sector image', '2026-04-02 20:06:20', 0);
INSERT INTO digital_evidence (evidence_id, evidence_code, case_id, device_id, type_id, status_id, current_location_id, collected_by, file_hash, file_size_bytes, description, date_collected, is_court_submitted) VALUES (81, 'EV-2026-00081', 29, 18, 4, 6, 2, 12, '4f84265ace09180d3b85e52a5ef3ecf08ef3576520ea709d7f7523579b10da93', 2200917700, 'Evidence item extracted for case 29: disk sector image', '2024-02-28 13:31:11', 1);
INSERT INTO digital_evidence (evidence_id, evidence_code, case_id, device_id, type_id, status_id, current_location_id, collected_by, file_hash, file_size_bytes, description, date_collected, is_court_submitted) VALUES (82, 'EV-2026-00082', 36, 39, 11, 3, 1, 19, 'a721db64e3257344c9677df192aeaa0538d4783732e61fa7a15dd430613f20c2', 3346506879, 'Evidence item extracted for case 36: extracted chat history', '2025-05-29 10:05:49', 0);
INSERT INTO digital_evidence (evidence_id, evidence_code, case_id, device_id, type_id, status_id, current_location_id, collected_by, file_hash, file_size_bytes, description, date_collected, is_court_submitted) VALUES (83, 'EV-2026-00083', 34, 25, 6, 6, 5, 20, '08272fbd8da0781c69384cb61a1f8232ed6797fe30cbf5e34315a4402d371dbf', 626786332, 'Evidence item extracted for case 34: captured traffic', '2025-08-15 13:37:17', 0);
INSERT INTO digital_evidence (evidence_id, evidence_code, case_id, device_id, type_id, status_id, current_location_id, collected_by, file_hash, file_size_bytes, description, date_collected, is_court_submitted) VALUES (84, 'EV-2026-00084', 20, 5, 12, 6, 4, 32, 'ca6034d478ae00716c88544d5ead1481621842683d1d5e3660dfae85bc05577d', 839874240, 'Evidence item extracted for case 20: log file', '2025-06-18 21:03:17', 1);
INSERT INTO digital_evidence (evidence_id, evidence_code, case_id, device_id, type_id, status_id, current_location_id, collected_by, file_hash, file_size_bytes, description, date_collected, is_court_submitted) VALUES (85, 'EV-2026-00085', 26, 40, 13, 2, 8, 22, 'bf811077569a802a2957624a2c143c4acbbf9180ac22b8226621100b680d723b', 2552899191, 'Evidence item extracted for case 26: disk sector image', '2026-03-08 16:07:47', 0);
INSERT INTO digital_evidence (evidence_id, evidence_code, case_id, device_id, type_id, status_id, current_location_id, collected_by, file_hash, file_size_bytes, description, date_collected, is_court_submitted) VALUES (86, 'EV-2026-00086', 39, NULL, 7, 7, 6, 12, '5539e674dc99400d217889322551445cbb97ceb7bd5fb676b065c373e952c1de', 4160644175, 'Evidence item extracted for case 39: recovered financial record', '2025-03-02 16:59:14', 0);
INSERT INTO digital_evidence (evidence_id, evidence_code, case_id, device_id, type_id, status_id, current_location_id, collected_by, file_hash, file_size_bytes, description, date_collected, is_court_submitted) VALUES (87, 'EV-2026-00087', 32, NULL, 8, 6, 7, 18, '783d9ea6cb82861b620fb0e8b6384b47c28c1564e240e7dac9d58079257a207e', 1687644563, 'Evidence item extracted for case 32: recovered document', '2026-03-27 10:45:20', 0);
INSERT INTO digital_evidence (evidence_id, evidence_code, case_id, device_id, type_id, status_id, current_location_id, collected_by, file_hash, file_size_bytes, description, date_collected, is_court_submitted) VALUES (88, 'EV-2026-00088', 38, NULL, 6, 5, 12, 30, '0d5f085c9c6e9a6376ffda17463d539cd3cc9a4389646c2bd05def028ce1e193', 900434022, 'Evidence item extracted for case 38: recovered financial record', '2024-08-21 14:48:26', 1);
INSERT INTO digital_evidence (evidence_id, evidence_code, case_id, device_id, type_id, status_id, current_location_id, collected_by, file_hash, file_size_bytes, description, date_collected, is_court_submitted) VALUES (89, 'EV-2026-00089', 5, NULL, 14, 3, 3, 20, 'bd35c223a14aad70c01d0666f8c1af758efaae91b681a12560dbe32b6ab6f032', 2828936946, 'Evidence item extracted for case 5: captured traffic', '2026-06-10 18:37:17', 0);
INSERT INTO digital_evidence (evidence_id, evidence_code, case_id, device_id, type_id, status_id, current_location_id, collected_by, file_hash, file_size_bytes, description, date_collected, is_court_submitted) VALUES (90, 'EV-2026-00090', 25, 39, 16, 3, 9, 33, 'd0cf9ca23dab0637cb5a73008433ddea5cf6a78afb0b7335126613467ce6895d', 4452873473, 'Evidence item extracted for case 25: recovered financial record', '2025-11-21 14:06:55', 0);
INSERT INTO digital_evidence (evidence_id, evidence_code, case_id, device_id, type_id, status_id, current_location_id, collected_by, file_hash, file_size_bytes, description, date_collected, is_court_submitted) VALUES (91, 'EV-2026-00091', 35, 6, 4, 4, 11, 23, '7c6d6aeb9133cf5f9378b0bf54e27b245a77e0932f38fa3d6ff8ee6a06a057cc', 2631432587, 'Evidence item extracted for case 35: recovered financial record', '2026-04-26 16:47:48', 0);
INSERT INTO digital_evidence (evidence_id, evidence_code, case_id, device_id, type_id, status_id, current_location_id, collected_by, file_hash, file_size_bytes, description, date_collected, is_court_submitted) VALUES (92, 'EV-2026-00092', 44, 49, 11, 7, 2, 1, 'afafee240a2cca38fd09a13ade88c0dce52aebdc3de7773855f8fea4d179aa2b', 949325113, 'Evidence item extracted for case 44: recovered financial record', '2024-06-08 15:02:49', 1);
INSERT INTO digital_evidence (evidence_id, evidence_code, case_id, device_id, type_id, status_id, current_location_id, collected_by, file_hash, file_size_bytes, description, date_collected, is_court_submitted) VALUES (93, 'EV-2026-00093', 38, 10, 12, 5, 8, 7, 'e39ceccce483a32b8710b8a3ce7bc412c840f5b1cc3ef539aef3bccdc8ac104e', 368744579, 'Evidence item extracted for case 38: disk sector image', '2024-04-27 09:01:00', 1);
INSERT INTO digital_evidence (evidence_id, evidence_code, case_id, device_id, type_id, status_id, current_location_id, collected_by, file_hash, file_size_bytes, description, date_collected, is_court_submitted) VALUES (94, 'EV-2026-00094', 20, 51, 7, 7, 6, 31, '7199ead609084bcd5996afa821a933e551ac14950e9e223901e6a384952e8aff', 1943246935, 'Evidence item extracted for case 20: recovered financial record', '2025-06-03 10:06:36', 1);
INSERT INTO digital_evidence (evidence_id, evidence_code, case_id, device_id, type_id, status_id, current_location_id, collected_by, file_hash, file_size_bytes, description, date_collected, is_court_submitted) VALUES (95, 'EV-2026-00095', 8, 22, 21, 1, 11, 11, '668ab1cdab0e73bb4a8fc64a550a9166811a2ba4fccc20fc5f39b9b8124f3f46', 3180379162, 'Evidence item extracted for case 8: recovered document', '2025-06-14 21:38:49', 0);
INSERT INTO digital_evidence (evidence_id, evidence_code, case_id, device_id, type_id, status_id, current_location_id, collected_by, file_hash, file_size_bytes, description, date_collected, is_court_submitted) VALUES (96, 'EV-2026-00096', 36, 36, 14, 3, 4, 26, '2c9ffdf377b0aa20d22bcdfb1300bf36b62abe6f1e492c2d5b104af951f6ae59', 2823116995, 'Evidence item extracted for case 36: log file', '2026-01-21 20:22:48', 0);
INSERT INTO digital_evidence (evidence_id, evidence_code, case_id, device_id, type_id, status_id, current_location_id, collected_by, file_hash, file_size_bytes, description, date_collected, is_court_submitted) VALUES (97, 'EV-2026-00097', 48, 13, 15, 3, 7, 1, 'ef2522385e49302dfafff544bb6f9de41dab3cad82426960e251f988e7ff1c4b', 883838653, 'Evidence item extracted for case 48: extracted chat history', '2024-04-19 12:32:44', 0);
INSERT INTO digital_evidence (evidence_id, evidence_code, case_id, device_id, type_id, status_id, current_location_id, collected_by, file_hash, file_size_bytes, description, date_collected, is_court_submitted) VALUES (98, 'EV-2026-00098', 7, 35, 6, 2, 6, 13, 'cc97288ce9739b6fccd57b24e5642a4ea839260e887e9aa008bce30aa8c539b1', 3704996782, 'Evidence item extracted for case 7: recovered financial record', '2026-01-01 05:19:15', 0);
INSERT INTO digital_evidence (evidence_id, evidence_code, case_id, device_id, type_id, status_id, current_location_id, collected_by, file_hash, file_size_bytes, description, date_collected, is_court_submitted) VALUES (99, 'EV-2026-00099', 21, 40, 13, 1, 6, 23, 'ce1b2f97048ba1bf7fc34a8bfc13d3e18f9f23d564d3ca60a869fd86f66af5db', 2651553537, 'Evidence item extracted for case 21: recovered financial record', '2026-04-05 09:10:49', 0);
INSERT INTO digital_evidence (evidence_id, evidence_code, case_id, device_id, type_id, status_id, current_location_id, collected_by, file_hash, file_size_bytes, description, date_collected, is_court_submitted) VALUES (100, 'EV-2026-00100', 46, NULL, 20, 5, 11, 9, '2b210ec3bccd4df02cb4c5af0b208012a4f08870f20d3fd26da8151e078909a9', 1024663101, 'Evidence item extracted for case 46: recovered document', '2023-11-01 18:02:34', 1);
INSERT INTO digital_evidence (evidence_id, evidence_code, case_id, device_id, type_id, status_id, current_location_id, collected_by, file_hash, file_size_bytes, description, date_collected, is_court_submitted) VALUES (101, 'EV-2026-00101', 24, 33, 13, 3, 10, 9, 'a772d5a02adf184c8ace88d806ca2fa7ac13cf891f4f37d6dc9b20f94d433f9c', 1816938763, 'Evidence item extracted for case 24: recovered financial record', '2025-06-29 08:11:25', 0);
INSERT INTO digital_evidence (evidence_id, evidence_code, case_id, device_id, type_id, status_id, current_location_id, collected_by, file_hash, file_size_bytes, description, date_collected, is_court_submitted) VALUES (102, 'EV-2026-00102', 35, 42, 6, 4, 8, 19, 'a238af5fc2a3cc89dd9f43c0bc9d94f660dd3ad7f37f378a317c70a2f6a6a84a', 4525226921, 'Evidence item extracted for case 35: log file', '2026-03-18 01:14:37', 0);
INSERT INTO digital_evidence (evidence_id, evidence_code, case_id, device_id, type_id, status_id, current_location_id, collected_by, file_hash, file_size_bytes, description, date_collected, is_court_submitted) VALUES (103, 'EV-2026-00103', 32, 53, 13, 7, 7, 32, '36d89cbb87ccf31b39ed0f003a2bde6a5b1f587b101cbfac7a13b4c5e186de33', 3607308847, 'Evidence item extracted for case 32: extracted chat history', '2026-06-08 05:30:17', 1);
INSERT INTO digital_evidence (evidence_id, evidence_code, case_id, device_id, type_id, status_id, current_location_id, collected_by, file_hash, file_size_bytes, description, date_collected, is_court_submitted) VALUES (104, 'EV-2026-00104', 2, 15, 10, 5, 5, 15, '34b5af537c4e264a8e25545f32db5ef615cfa5b2fec4d25acc0a9cf726a9d188', 3289600450, 'Evidence item extracted for case 2: extracted chat history', '2025-11-08 07:38:19', 1);
INSERT INTO digital_evidence (evidence_id, evidence_code, case_id, device_id, type_id, status_id, current_location_id, collected_by, file_hash, file_size_bytes, description, date_collected, is_court_submitted) VALUES (105, 'EV-2026-00105', 8, 18, 18, 2, 9, 3, 'f76a16df2ab2b5ab73a4c260a9d8cf36303a08827ee6a56732ae452b96026745', 1826026513, 'Evidence item extracted for case 8: recovered financial record', '2026-05-22 15:38:50', 0);
INSERT INTO digital_evidence (evidence_id, evidence_code, case_id, device_id, type_id, status_id, current_location_id, collected_by, file_hash, file_size_bytes, description, date_collected, is_court_submitted) VALUES (106, 'EV-2026-00106', 49, 3, 15, 2, 6, 6, 'b066f8a2d1c93af1f9c541918f1fd8fb51092044caf5d5d2476bb43d07d27377', 4269016781, 'Evidence item extracted for case 49: recovered document', '2024-06-03 09:59:21', 0);
INSERT INTO digital_evidence (evidence_id, evidence_code, case_id, device_id, type_id, status_id, current_location_id, collected_by, file_hash, file_size_bytes, description, date_collected, is_court_submitted) VALUES (107, 'EV-2026-00107', 48, 23, 20, 3, 3, 9, 'bdfae75edb75c8454023ccae5ba0b454c100d54cc54bc14cf2b126db554c540b', 3494085196, 'Evidence item extracted for case 48: extracted chat history', '2024-04-14 13:01:13', 0);
INSERT INTO digital_evidence (evidence_id, evidence_code, case_id, device_id, type_id, status_id, current_location_id, collected_by, file_hash, file_size_bytes, description, date_collected, is_court_submitted) VALUES (108, 'EV-2026-00108', 23, 39, 18, 6, 6, 19, '5da50b8f1308412ac18342838fc7d39c1a5762a521ae0e2d188f283f6d3b9436', 408989992, 'Evidence item extracted for case 23: disk sector image', '2026-04-29 19:56:34', 0);
INSERT INTO digital_evidence (evidence_id, evidence_code, case_id, device_id, type_id, status_id, current_location_id, collected_by, file_hash, file_size_bytes, description, date_collected, is_court_submitted) VALUES (109, 'EV-2026-00109', 42, 9, 8, 2, 12, 21, '30715c105ac9a73da8a9af9e3767002547cb769745d5f789a63380f370d0c598', 2904406327, 'Evidence item extracted for case 42: recovered document', '2026-07-01 10:05:09', 0);
INSERT INTO digital_evidence (evidence_id, evidence_code, case_id, device_id, type_id, status_id, current_location_id, collected_by, file_hash, file_size_bytes, description, date_collected, is_court_submitted) VALUES (110, 'EV-2026-00110', 37, 41, 14, 7, 8, 5, '3745fc3564a9ba28cc71c4029d5502ad2bcb8c50db6920f186dfdb0efbdb14a3', 399840089, 'Evidence item extracted for case 37: recovered financial record', '2026-05-02 09:27:59', 0);
INSERT INTO digital_evidence (evidence_id, evidence_code, case_id, device_id, type_id, status_id, current_location_id, collected_by, file_hash, file_size_bytes, description, date_collected, is_court_submitted) VALUES (111, 'EV-2026-00111', 24, 32, 11, 1, 12, 6, 'fd694cdfba7dbdb3a26d560d09a39e211a7d197191786bf12943c03c5754b6b0', 4566971533, 'Evidence item extracted for case 24: captured traffic', '2025-08-05 10:23:38', 0);
INSERT INTO digital_evidence (evidence_id, evidence_code, case_id, device_id, type_id, status_id, current_location_id, collected_by, file_hash, file_size_bytes, description, date_collected, is_court_submitted) VALUES (112, 'EV-2026-00112', 14, NULL, 7, 3, 5, 21, 'a6ef9115b4149383bc45700299c0099628a913e6cb399be8c21a1a751a35d173', 2482207126, 'Evidence item extracted for case 14: captured traffic', '2025-08-04 01:39:13', 0);
INSERT INTO digital_evidence (evidence_id, evidence_code, case_id, device_id, type_id, status_id, current_location_id, collected_by, file_hash, file_size_bytes, description, date_collected, is_court_submitted) VALUES (113, 'EV-2026-00113', 22, NULL, 2, 5, 2, 30, '59daf6a1c5a6e5b4eda8d2fad8d3370fd5c4cf1851d426ad14ff52429f76b0a1', 678535067, 'Evidence item extracted for case 22: log file', '2025-10-02 15:03:26', 1);
INSERT INTO digital_evidence (evidence_id, evidence_code, case_id, device_id, type_id, status_id, current_location_id, collected_by, file_hash, file_size_bytes, description, date_collected, is_court_submitted) VALUES (114, 'EV-2026-00114', 28, 45, 5, 2, 3, 18, '3b0880721bb343ed1a13525f154de49c95ecf69f9cf518d1c849519d1be270ec', 1548059213, 'Evidence item extracted for case 28: disk sector image', '2025-09-28 08:12:54', 0);
INSERT INTO digital_evidence (evidence_id, evidence_code, case_id, device_id, type_id, status_id, current_location_id, collected_by, file_hash, file_size_bytes, description, date_collected, is_court_submitted) VALUES (115, 'EV-2026-00115', 43, NULL, 6, 1, 7, 20, '3775e93c95bf6dd59ce3fcd390071884d057f4606eb63b618d80e6d8838be0fa', 3243698433, 'Evidence item extracted for case 43: recovered financial record', '2025-04-27 17:26:40', 0);
INSERT INTO digital_evidence (evidence_id, evidence_code, case_id, device_id, type_id, status_id, current_location_id, collected_by, file_hash, file_size_bytes, description, date_collected, is_court_submitted) VALUES (116, 'EV-2026-00116', 6, 1, 7, 3, 2, 9, '71945501bf4bbb9e0d864b852f331ceb071e1677b6ef71329df17e9ae04078fb', 1911548714, 'Evidence item extracted for case 6: recovered financial record', '2024-03-25 20:35:39', 0);
INSERT INTO digital_evidence (evidence_id, evidence_code, case_id, device_id, type_id, status_id, current_location_id, collected_by, file_hash, file_size_bytes, description, date_collected, is_court_submitted) VALUES (117, 'EV-2026-00117', 22, NULL, 14, 6, 8, 5, '93e94879d70f9def61687899ff14508ae2936e73f5cf1cf1b6fa8469d1fcb166', 4678642377, 'Evidence item extracted for case 22: disk sector image', '2026-02-15 08:03:43', 1);
INSERT INTO digital_evidence (evidence_id, evidence_code, case_id, device_id, type_id, status_id, current_location_id, collected_by, file_hash, file_size_bytes, description, date_collected, is_court_submitted) VALUES (118, 'EV-2026-00118', 24, NULL, 5, 3, 3, 10, '79efb934529987fc8324d08771dfd93444ac448c25a663058f68874a1d74d75f', 2419318373, 'Evidence item extracted for case 24: recovered financial record', '2025-10-03 09:10:30', 0);
INSERT INTO digital_evidence (evidence_id, evidence_code, case_id, device_id, type_id, status_id, current_location_id, collected_by, file_hash, file_size_bytes, description, date_collected, is_court_submitted) VALUES (119, 'EV-2026-00119', 11, 47, 7, 6, 7, 29, '418c2d0eb368bc99c63ebbe14f3a2bfcbdcdf3d933e27ac56c46863a58502b28', 4667290566, 'Evidence item extracted for case 11: log file', '2025-12-15 20:12:04', 1);
INSERT INTO digital_evidence (evidence_id, evidence_code, case_id, device_id, type_id, status_id, current_location_id, collected_by, file_hash, file_size_bytes, description, date_collected, is_court_submitted) VALUES (120, 'EV-2026-00120', 38, 23, 14, 6, 3, 16, '431c126ecd5cd4e77178f614f0875408f243cbd4557ebed023f597e76143aadc', 361846514, 'Evidence item extracted for case 38: recovered financial record', '2025-03-13 04:03:39', 0);

-- ----------------------------------------------------------------------------
-- 13. case_departments
-- ----------------------------------------------------------------------------
INSERT INTO case_departments (case_id, department_id, involvement_role, date_added) VALUES (1, 1, 'transferred', '2024-07-17');
INSERT INTO case_departments (case_id, department_id, involvement_role, date_added) VALUES (1, 3, 'supporting', '2025-08-03');
INSERT INTO case_departments (case_id, department_id, involvement_role, date_added) VALUES (1, 5, 'originating', '2023-05-24');
INSERT INTO case_departments (case_id, department_id, involvement_role, date_added) VALUES (2, 1, 'supporting', '2026-01-26');
INSERT INTO case_departments (case_id, department_id, involvement_role, date_added) VALUES (2, 3, 'originating', '2024-09-07');
INSERT INTO case_departments (case_id, department_id, involvement_role, date_added) VALUES (3, 1, 'supporting', '2026-03-12');
INSERT INTO case_departments (case_id, department_id, involvement_role, date_added) VALUES (3, 6, 'originating', '2026-02-09');
INSERT INTO case_departments (case_id, department_id, involvement_role, date_added) VALUES (4, 1, 'supporting', '2025-09-12');
INSERT INTO case_departments (case_id, department_id, involvement_role, date_added) VALUES (4, 4, 'originating', '2024-09-08');
INSERT INTO case_departments (case_id, department_id, involvement_role, date_added) VALUES (4, 6, 'transferred', '2025-01-21');
INSERT INTO case_departments (case_id, department_id, involvement_role, date_added) VALUES (5, 5, 'originating', '2026-04-02');
INSERT INTO case_departments (case_id, department_id, involvement_role, date_added) VALUES (5, 6, 'transferred', '2026-05-18');
INSERT INTO case_departments (case_id, department_id, involvement_role, date_added) VALUES (6, 2, 'supporting', '2024-03-30');
INSERT INTO case_departments (case_id, department_id, involvement_role, date_added) VALUES (6, 4, 'supporting', '2024-03-27');
INSERT INTO case_departments (case_id, department_id, involvement_role, date_added) VALUES (6, 6, 'originating', '2024-03-13');
INSERT INTO case_departments (case_id, department_id, involvement_role, date_added) VALUES (7, 2, 'supporting', '2025-01-17');
INSERT INTO case_departments (case_id, department_id, involvement_role, date_added) VALUES (7, 4, 'originating', '2024-11-17');
INSERT INTO case_departments (case_id, department_id, involvement_role, date_added) VALUES (8, 2, 'originating', '2023-04-05');
INSERT INTO case_departments (case_id, department_id, involvement_role, date_added) VALUES (8, 6, 'transferred', '2026-01-25');
INSERT INTO case_departments (case_id, department_id, involvement_role, date_added) VALUES (9, 4, 'originating', '2026-03-24');
INSERT INTO case_departments (case_id, department_id, involvement_role, date_added) VALUES (9, 5, 'transferred', '2026-03-26');
INSERT INTO case_departments (case_id, department_id, involvement_role, date_added) VALUES (10, 2, 'transferred', '2023-07-02');
INSERT INTO case_departments (case_id, department_id, involvement_role, date_added) VALUES (10, 5, 'transferred', '2023-06-22');
INSERT INTO case_departments (case_id, department_id, involvement_role, date_added) VALUES (10, 6, 'originating', '2023-01-12');
INSERT INTO case_departments (case_id, department_id, involvement_role, date_added) VALUES (11, 1, 'originating', '2025-11-26');
INSERT INTO case_departments (case_id, department_id, involvement_role, date_added) VALUES (11, 3, 'transferred', '2026-01-15');
INSERT INTO case_departments (case_id, department_id, involvement_role, date_added) VALUES (11, 6, 'supporting', '2026-01-04');
INSERT INTO case_departments (case_id, department_id, involvement_role, date_added) VALUES (12, 2, 'supporting', '2025-12-12');
INSERT INTO case_departments (case_id, department_id, involvement_role, date_added) VALUES (12, 4, 'supporting', '2026-03-19');
INSERT INTO case_departments (case_id, department_id, involvement_role, date_added) VALUES (12, 5, 'originating', '2025-08-09');
INSERT INTO case_departments (case_id, department_id, involvement_role, date_added) VALUES (13, 5, 'originating', '2025-10-30');
INSERT INTO case_departments (case_id, department_id, involvement_role, date_added) VALUES (14, 5, 'originating', '2024-05-21');
INSERT INTO case_departments (case_id, department_id, involvement_role, date_added) VALUES (14, 6, 'supporting', '2025-04-02');
INSERT INTO case_departments (case_id, department_id, involvement_role, date_added) VALUES (15, 1, 'supporting', '2024-12-03');
INSERT INTO case_departments (case_id, department_id, involvement_role, date_added) VALUES (15, 2, 'supporting', '2024-12-30');
INSERT INTO case_departments (case_id, department_id, involvement_role, date_added) VALUES (15, 6, 'originating', '2024-07-16');
INSERT INTO case_departments (case_id, department_id, involvement_role, date_added) VALUES (16, 1, 'originating', '2026-01-11');
INSERT INTO case_departments (case_id, department_id, involvement_role, date_added) VALUES (16, 4, 'transferred', '2026-02-22');
INSERT INTO case_departments (case_id, department_id, involvement_role, date_added) VALUES (17, 2, 'originating', '2024-03-14');
INSERT INTO case_departments (case_id, department_id, involvement_role, date_added) VALUES (17, 3, 'transferred', '2024-03-29');
INSERT INTO case_departments (case_id, department_id, involvement_role, date_added) VALUES (18, 4, 'originating', '2024-02-28');
INSERT INTO case_departments (case_id, department_id, involvement_role, date_added) VALUES (19, 4, 'originating', '2026-03-25');
INSERT INTO case_departments (case_id, department_id, involvement_role, date_added) VALUES (19, 5, 'transferred', '2026-04-27');
INSERT INTO case_departments (case_id, department_id, involvement_role, date_added) VALUES (20, 1, 'originating', '2025-05-08');
INSERT INTO case_departments (case_id, department_id, involvement_role, date_added) VALUES (21, 5, 'supporting', '2025-12-02');
INSERT INTO case_departments (case_id, department_id, involvement_role, date_added) VALUES (21, 6, 'originating', '2024-07-12');
INSERT INTO case_departments (case_id, department_id, involvement_role, date_added) VALUES (22, 4, 'originating', '2025-04-08');
INSERT INTO case_departments (case_id, department_id, involvement_role, date_added) VALUES (22, 6, 'transferred', '2025-05-06');
INSERT INTO case_departments (case_id, department_id, involvement_role, date_added) VALUES (23, 4, 'originating', '2026-04-27');
INSERT INTO case_departments (case_id, department_id, involvement_role, date_added) VALUES (23, 6, 'supporting', '2026-04-29');
INSERT INTO case_departments (case_id, department_id, involvement_role, date_added) VALUES (24, 6, 'originating', '2024-06-16');
INSERT INTO case_departments (case_id, department_id, involvement_role, date_added) VALUES (25, 1, 'supporting', '2025-06-11');
INSERT INTO case_departments (case_id, department_id, involvement_role, date_added) VALUES (25, 3, 'originating', '2025-02-15');
INSERT INTO case_departments (case_id, department_id, involvement_role, date_added) VALUES (26, 1, 'supporting', '2026-01-12');
INSERT INTO case_departments (case_id, department_id, involvement_role, date_added) VALUES (26, 4, 'originating', '2026-01-09');
INSERT INTO case_departments (case_id, department_id, involvement_role, date_added) VALUES (26, 6, 'supporting', '2026-01-20');
INSERT INTO case_departments (case_id, department_id, involvement_role, date_added) VALUES (27, 3, 'originating', '2023-03-24');
INSERT INTO case_departments (case_id, department_id, involvement_role, date_added) VALUES (27, 4, 'transferred', '2023-04-12');
INSERT INTO case_departments (case_id, department_id, involvement_role, date_added) VALUES (28, 2, 'originating', '2025-08-27');
INSERT INTO case_departments (case_id, department_id, involvement_role, date_added) VALUES (29, 1, 'originating', '2023-12-10');
INSERT INTO case_departments (case_id, department_id, involvement_role, date_added) VALUES (30, 2, 'transferred', '2023-08-25');
INSERT INTO case_departments (case_id, department_id, involvement_role, date_added) VALUES (30, 4, 'transferred', '2023-09-25');
INSERT INTO case_departments (case_id, department_id, involvement_role, date_added) VALUES (30, 6, 'originating', '2023-08-10');
INSERT INTO case_departments (case_id, department_id, involvement_role, date_added) VALUES (31, 3, 'originating', '2024-05-12');
INSERT INTO case_departments (case_id, department_id, involvement_role, date_added) VALUES (31, 4, 'supporting', '2025-12-18');
INSERT INTO case_departments (case_id, department_id, involvement_role, date_added) VALUES (32, 1, 'supporting', '2026-03-27');
INSERT INTO case_departments (case_id, department_id, involvement_role, date_added) VALUES (32, 6, 'originating', '2026-03-05');
INSERT INTO case_departments (case_id, department_id, involvement_role, date_added) VALUES (33, 3, 'originating', '2024-11-29');
INSERT INTO case_departments (case_id, department_id, involvement_role, date_added) VALUES (34, 1, 'supporting', '2025-09-27');
INSERT INTO case_departments (case_id, department_id, involvement_role, date_added) VALUES (34, 4, 'originating', '2025-07-30');
INSERT INTO case_departments (case_id, department_id, involvement_role, date_added) VALUES (34, 5, 'transferred', '2025-09-07');
INSERT INTO case_departments (case_id, department_id, involvement_role, date_added) VALUES (35, 1, 'transferred', '2026-01-09');
INSERT INTO case_departments (case_id, department_id, involvement_role, date_added) VALUES (35, 2, 'originating', '2026-01-07');
INSERT INTO case_departments (case_id, department_id, involvement_role, date_added) VALUES (36, 2, 'transferred', '2025-12-15');
INSERT INTO case_departments (case_id, department_id, involvement_role, date_added) VALUES (36, 4, 'originating', '2024-05-17');
INSERT INTO case_departments (case_id, department_id, involvement_role, date_added) VALUES (37, 1, 'originating', '2026-03-13');
INSERT INTO case_departments (case_id, department_id, involvement_role, date_added) VALUES (37, 6, 'supporting', '2026-05-11');
INSERT INTO case_departments (case_id, department_id, involvement_role, date_added) VALUES (38, 4, 'originating', '2024-01-08');
INSERT INTO case_departments (case_id, department_id, involvement_role, date_added) VALUES (38, 6, 'transferred', '2025-02-06');
INSERT INTO case_departments (case_id, department_id, involvement_role, date_added) VALUES (39, 3, 'originating', '2024-07-19');
INSERT INTO case_departments (case_id, department_id, involvement_role, date_added) VALUES (40, 2, 'supporting', '2025-09-27');
INSERT INTO case_departments (case_id, department_id, involvement_role, date_added) VALUES (40, 5, 'originating', '2025-09-27');
INSERT INTO case_departments (case_id, department_id, involvement_role, date_added) VALUES (40, 6, 'transferred', '2025-09-30');
INSERT INTO case_departments (case_id, department_id, involvement_role, date_added) VALUES (41, 4, 'originating', '2024-03-29');
INSERT INTO case_departments (case_id, department_id, involvement_role, date_added) VALUES (42, 1, 'transferred', '2025-12-23');
INSERT INTO case_departments (case_id, department_id, involvement_role, date_added) VALUES (42, 3, 'transferred', '2026-06-29');
INSERT INTO case_departments (case_id, department_id, involvement_role, date_added) VALUES (42, 6, 'originating', '2025-12-23');
INSERT INTO case_departments (case_id, department_id, involvement_role, date_added) VALUES (43, 1, 'supporting', '2025-11-22');
INSERT INTO case_departments (case_id, department_id, involvement_role, date_added) VALUES (43, 3, 'supporting', '2025-08-01');
INSERT INTO case_departments (case_id, department_id, involvement_role, date_added) VALUES (43, 4, 'originating', '2024-05-29');
INSERT INTO case_departments (case_id, department_id, involvement_role, date_added) VALUES (44, 1, 'originating', '2024-01-15');
INSERT INTO case_departments (case_id, department_id, involvement_role, date_added) VALUES (44, 2, 'supporting', '2024-07-15');
INSERT INTO case_departments (case_id, department_id, involvement_role, date_added) VALUES (45, 1, 'supporting', '2024-05-30');
INSERT INTO case_departments (case_id, department_id, involvement_role, date_added) VALUES (45, 6, 'originating', '2024-02-02');
INSERT INTO case_departments (case_id, department_id, involvement_role, date_added) VALUES (46, 3, 'originating', '2023-09-17');
INSERT INTO case_departments (case_id, department_id, involvement_role, date_added) VALUES (46, 4, 'transferred', '2023-10-30');
INSERT INTO case_departments (case_id, department_id, involvement_role, date_added) VALUES (46, 5, 'supporting', '2024-06-01');
INSERT INTO case_departments (case_id, department_id, involvement_role, date_added) VALUES (47, 1, 'originating', '2025-10-02');
INSERT INTO case_departments (case_id, department_id, involvement_role, date_added) VALUES (48, 1, 'originating', '2024-01-13');
INSERT INTO case_departments (case_id, department_id, involvement_role, date_added) VALUES (48, 2, 'supporting', '2025-04-02');
INSERT INTO case_departments (case_id, department_id, involvement_role, date_added) VALUES (48, 5, 'supporting', '2024-09-11');
INSERT INTO case_departments (case_id, department_id, involvement_role, date_added) VALUES (49, 3, 'originating', '2023-06-01');
INSERT INTO case_departments (case_id, department_id, involvement_role, date_added) VALUES (49, 4, 'transferred', '2025-08-13');
INSERT INTO case_departments (case_id, department_id, involvement_role, date_added) VALUES (50, 3, 'transferred', '2024-10-18');
INSERT INTO case_departments (case_id, department_id, involvement_role, date_added) VALUES (50, 5, 'supporting', '2024-09-23');
INSERT INTO case_departments (case_id, department_id, involvement_role, date_added) VALUES (50, 6, 'originating', '2024-09-14');

-- ----------------------------------------------------------------------------
-- 14. case_investigators
-- ----------------------------------------------------------------------------
INSERT INTO case_investigators (case_id, investigator_id, role_in_case, date_assigned) VALUES (1, 9, 'support', '2024-01-02');
INSERT INTO case_investigators (case_id, investigator_id, role_in_case, date_assigned) VALUES (1, 35, 'lead', '2023-05-24');
INSERT INTO case_investigators (case_id, investigator_id, role_in_case, date_assigned) VALUES (2, 21, 'lead', '2024-09-07');
INSERT INTO case_investigators (case_id, investigator_id, role_in_case, date_assigned) VALUES (2, 7, 'support', '2025-02-22');
INSERT INTO case_investigators (case_id, investigator_id, role_in_case, date_assigned) VALUES (3, 27, 'lead', '2026-02-09');
INSERT INTO case_investigators (case_id, investigator_id, role_in_case, date_assigned) VALUES (3, 21, 'support', '2026-03-07');
INSERT INTO case_investigators (case_id, investigator_id, role_in_case, date_assigned) VALUES (3, 31, 'support', '2026-02-16');
INSERT INTO case_investigators (case_id, investigator_id, role_in_case, date_assigned) VALUES (4, 25, 'lead', '2024-09-08');
INSERT INTO case_investigators (case_id, investigator_id, role_in_case, date_assigned) VALUES (4, 30, 'support', '2025-07-20');
INSERT INTO case_investigators (case_id, investigator_id, role_in_case, date_assigned) VALUES (4, 14, 'support', '2025-12-26');
INSERT INTO case_investigators (case_id, investigator_id, role_in_case, date_assigned) VALUES (4, 23, 'support', '2025-06-06');
INSERT INTO case_investigators (case_id, investigator_id, role_in_case, date_assigned) VALUES (5, 1, 'lead', '2026-04-02');
INSERT INTO case_investigators (case_id, investigator_id, role_in_case, date_assigned) VALUES (5, 7, 'support', '2026-04-22');
INSERT INTO case_investigators (case_id, investigator_id, role_in_case, date_assigned) VALUES (6, 3, 'support', '2025-02-11');
INSERT INTO case_investigators (case_id, investigator_id, role_in_case, date_assigned) VALUES (6, 20, 'support', '2024-08-11');
INSERT INTO case_investigators (case_id, investigator_id, role_in_case, date_assigned) VALUES (6, 21, 'lead', '2024-03-13');
INSERT INTO case_investigators (case_id, investigator_id, role_in_case, date_assigned) VALUES (6, 14, 'support', '2024-06-14');
INSERT INTO case_investigators (case_id, investigator_id, role_in_case, date_assigned) VALUES (7, 24, 'support', '2026-04-26');
INSERT INTO case_investigators (case_id, investigator_id, role_in_case, date_assigned) VALUES (7, 17, 'support', '2025-01-06');
INSERT INTO case_investigators (case_id, investigator_id, role_in_case, date_assigned) VALUES (7, 11, 'lead', '2024-11-17');
INSERT INTO case_investigators (case_id, investigator_id, role_in_case, date_assigned) VALUES (7, 27, 'support', '2025-09-19');
INSERT INTO case_investigators (case_id, investigator_id, role_in_case, date_assigned) VALUES (8, 2, 'support', '2025-07-11');
INSERT INTO case_investigators (case_id, investigator_id, role_in_case, date_assigned) VALUES (8, 20, 'lead', '2023-04-05');
INSERT INTO case_investigators (case_id, investigator_id, role_in_case, date_assigned) VALUES (8, 12, 'support', '2025-10-17');
INSERT INTO case_investigators (case_id, investigator_id, role_in_case, date_assigned) VALUES (9, 8, 'support', '2026-03-27');
INSERT INTO case_investigators (case_id, investigator_id, role_in_case, date_assigned) VALUES (9, 17, 'support', '2026-03-28');
INSERT INTO case_investigators (case_id, investigator_id, role_in_case, date_assigned) VALUES (9, 5, 'lead', '2026-03-24');
INSERT INTO case_investigators (case_id, investigator_id, role_in_case, date_assigned) VALUES (9, 31, 'support', '2026-03-27');
INSERT INTO case_investigators (case_id, investigator_id, role_in_case, date_assigned) VALUES (10, 25, 'lead', '2023-01-12');
INSERT INTO case_investigators (case_id, investigator_id, role_in_case, date_assigned) VALUES (10, 4, 'support', '2024-04-11');
INSERT INTO case_investigators (case_id, investigator_id, role_in_case, date_assigned) VALUES (11, 28, 'lead', '2025-11-26');
INSERT INTO case_investigators (case_id, investigator_id, role_in_case, date_assigned) VALUES (11, 13, 'support', '2026-03-11');
INSERT INTO case_investigators (case_id, investigator_id, role_in_case, date_assigned) VALUES (12, 16, 'lead', '2025-08-09');
INSERT INTO case_investigators (case_id, investigator_id, role_in_case, date_assigned) VALUES (12, 25, 'support', '2026-06-03');
INSERT INTO case_investigators (case_id, investigator_id, role_in_case, date_assigned) VALUES (12, 6, 'support', '2026-06-05');
INSERT INTO case_investigators (case_id, investigator_id, role_in_case, date_assigned) VALUES (13, 5, 'support', '2025-11-15');
INSERT INTO case_investigators (case_id, investigator_id, role_in_case, date_assigned) VALUES (13, 2, 'support', '2025-12-19');
INSERT INTO case_investigators (case_id, investigator_id, role_in_case, date_assigned) VALUES (13, 21, 'lead', '2025-10-30');
INSERT INTO case_investigators (case_id, investigator_id, role_in_case, date_assigned) VALUES (14, 9, 'support', '2025-04-25');
INSERT INTO case_investigators (case_id, investigator_id, role_in_case, date_assigned) VALUES (14, 29, 'lead', '2024-05-21');
INSERT INTO case_investigators (case_id, investigator_id, role_in_case, date_assigned) VALUES (14, 30, 'support', '2024-09-23');
INSERT INTO case_investigators (case_id, investigator_id, role_in_case, date_assigned) VALUES (14, 6, 'support', '2024-07-03');
INSERT INTO case_investigators (case_id, investigator_id, role_in_case, date_assigned) VALUES (15, 18, 'lead', '2024-07-16');
INSERT INTO case_investigators (case_id, investigator_id, role_in_case, date_assigned) VALUES (15, 11, 'support', '2026-02-23');
INSERT INTO case_investigators (case_id, investigator_id, role_in_case, date_assigned) VALUES (15, 4, 'support', '2025-10-02');
INSERT INTO case_investigators (case_id, investigator_id, role_in_case, date_assigned) VALUES (16, 27, 'support', '2026-04-18');
INSERT INTO case_investigators (case_id, investigator_id, role_in_case, date_assigned) VALUES (16, 33, 'support', '2026-07-04');
INSERT INTO case_investigators (case_id, investigator_id, role_in_case, date_assigned) VALUES (16, 2, 'support', '2026-04-30');
INSERT INTO case_investigators (case_id, investigator_id, role_in_case, date_assigned) VALUES (16, 19, 'lead', '2026-01-11');
INSERT INTO case_investigators (case_id, investigator_id, role_in_case, date_assigned) VALUES (17, 24, 'support', '2024-04-10');
INSERT INTO case_investigators (case_id, investigator_id, role_in_case, date_assigned) VALUES (17, 10, 'lead', '2024-03-14');
INSERT INTO case_investigators (case_id, investigator_id, role_in_case, date_assigned) VALUES (18, 18, 'support', '2024-12-10');
INSERT INTO case_investigators (case_id, investigator_id, role_in_case, date_assigned) VALUES (18, 22, 'lead', '2024-02-28');
INSERT INTO case_investigators (case_id, investigator_id, role_in_case, date_assigned) VALUES (19, 25, 'lead', '2026-03-25');
INSERT INTO case_investigators (case_id, investigator_id, role_in_case, date_assigned) VALUES (19, 10, 'support', '2026-05-03');
INSERT INTO case_investigators (case_id, investigator_id, role_in_case, date_assigned) VALUES (19, 3, 'support', '2026-05-03');
INSERT INTO case_investigators (case_id, investigator_id, role_in_case, date_assigned) VALUES (20, 16, 'support', '2025-12-04');
INSERT INTO case_investigators (case_id, investigator_id, role_in_case, date_assigned) VALUES (20, 33, 'support', '2026-01-08');
INSERT INTO case_investigators (case_id, investigator_id, role_in_case, date_assigned) VALUES (20, 19, 'support', '2025-06-08');
INSERT INTO case_investigators (case_id, investigator_id, role_in_case, date_assigned) VALUES (20, 23, 'lead', '2025-05-08');
INSERT INTO case_investigators (case_id, investigator_id, role_in_case, date_assigned) VALUES (21, 18, 'support', '2025-08-08');
INSERT INTO case_investigators (case_id, investigator_id, role_in_case, date_assigned) VALUES (21, 35, 'lead', '2024-07-12');
INSERT INTO case_investigators (case_id, investigator_id, role_in_case, date_assigned) VALUES (22, 2, 'lead', '2025-04-08');
INSERT INTO case_investigators (case_id, investigator_id, role_in_case, date_assigned) VALUES (22, 28, 'support', '2025-07-19');
INSERT INTO case_investigators (case_id, investigator_id, role_in_case, date_assigned) VALUES (23, 9, 'lead', '2026-04-27');
INSERT INTO case_investigators (case_id, investigator_id, role_in_case, date_assigned) VALUES (23, 2, 'support', '2026-04-30');
INSERT INTO case_investigators (case_id, investigator_id, role_in_case, date_assigned) VALUES (23, 35, 'support', '2026-04-29');
INSERT INTO case_investigators (case_id, investigator_id, role_in_case, date_assigned) VALUES (23, 17, 'support', '2026-04-30');
INSERT INTO case_investigators (case_id, investigator_id, role_in_case, date_assigned) VALUES (24, 33, 'support', '2025-05-11');
INSERT INTO case_investigators (case_id, investigator_id, role_in_case, date_assigned) VALUES (24, 34, 'support', '2025-07-18');
INSERT INTO case_investigators (case_id, investigator_id, role_in_case, date_assigned) VALUES (24, 28, 'lead', '2024-06-16');
INSERT INTO case_investigators (case_id, investigator_id, role_in_case, date_assigned) VALUES (24, 23, 'support', '2025-03-19');
INSERT INTO case_investigators (case_id, investigator_id, role_in_case, date_assigned) VALUES (25, 2, 'support', '2025-07-28');
INSERT INTO case_investigators (case_id, investigator_id, role_in_case, date_assigned) VALUES (25, 14, 'lead', '2025-02-15');
INSERT INTO case_investigators (case_id, investigator_id, role_in_case, date_assigned) VALUES (26, 17, 'lead', '2026-01-09');
INSERT INTO case_investigators (case_id, investigator_id, role_in_case, date_assigned) VALUES (26, 2, 'support', '2026-01-23');
INSERT INTO case_investigators (case_id, investigator_id, role_in_case, date_assigned) VALUES (26, 19, 'support', '2026-05-09');
INSERT INTO case_investigators (case_id, investigator_id, role_in_case, date_assigned) VALUES (26, 15, 'support', '2026-05-24');
INSERT INTO case_investigators (case_id, investigator_id, role_in_case, date_assigned) VALUES (27, 16, 'support', '2023-04-05');
INSERT INTO case_investigators (case_id, investigator_id, role_in_case, date_assigned) VALUES (27, 11, 'support', '2023-04-24');
INSERT INTO case_investigators (case_id, investigator_id, role_in_case, date_assigned) VALUES (27, 15, 'lead', '2023-03-24');
INSERT INTO case_investigators (case_id, investigator_id, role_in_case, date_assigned) VALUES (28, 17, 'support', '2025-12-17');
INSERT INTO case_investigators (case_id, investigator_id, role_in_case, date_assigned) VALUES (28, 2, 'lead', '2025-08-27');
INSERT INTO case_investigators (case_id, investigator_id, role_in_case, date_assigned) VALUES (28, 19, 'support', '2026-06-17');
INSERT INTO case_investigators (case_id, investigator_id, role_in_case, date_assigned) VALUES (28, 5, 'support', '2026-03-13');
INSERT INTO case_investigators (case_id, investigator_id, role_in_case, date_assigned) VALUES (29, 17, 'support', '2025-08-07');
INSERT INTO case_investigators (case_id, investigator_id, role_in_case, date_assigned) VALUES (29, 12, 'support', '2024-10-30');
INSERT INTO case_investigators (case_id, investigator_id, role_in_case, date_assigned) VALUES (29, 14, 'lead', '2023-12-10');
INSERT INTO case_investigators (case_id, investigator_id, role_in_case, date_assigned) VALUES (30, 8, 'lead', '2023-08-10');
INSERT INTO case_investigators (case_id, investigator_id, role_in_case, date_assigned) VALUES (30, 24, 'support', '2023-09-15');
INSERT INTO case_investigators (case_id, investigator_id, role_in_case, date_assigned) VALUES (30, 2, 'support', '2023-08-22');
INSERT INTO case_investigators (case_id, investigator_id, role_in_case, date_assigned) VALUES (30, 11, 'support', '2023-09-30');
INSERT INTO case_investigators (case_id, investigator_id, role_in_case, date_assigned) VALUES (31, 25, 'lead', '2024-05-12');
INSERT INTO case_investigators (case_id, investigator_id, role_in_case, date_assigned) VALUES (31, 20, 'support', '2025-09-26');
INSERT INTO case_investigators (case_id, investigator_id, role_in_case, date_assigned) VALUES (31, 12, 'support', '2024-06-19');
INSERT INTO case_investigators (case_id, investigator_id, role_in_case, date_assigned) VALUES (32, 20, 'lead', '2026-03-05');
INSERT INTO case_investigators (case_id, investigator_id, role_in_case, date_assigned) VALUES (32, 4, 'support', '2026-04-03');
INSERT INTO case_investigators (case_id, investigator_id, role_in_case, date_assigned) VALUES (33, 2, 'support', '2026-04-02');
INSERT INTO case_investigators (case_id, investigator_id, role_in_case, date_assigned) VALUES (33, 35, 'lead', '2024-11-29');
INSERT INTO case_investigators (case_id, investigator_id, role_in_case, date_assigned) VALUES (33, 34, 'support', '2024-11-29');
INSERT INTO case_investigators (case_id, investigator_id, role_in_case, date_assigned) VALUES (33, 15, 'support', '2025-11-03');
INSERT INTO case_investigators (case_id, investigator_id, role_in_case, date_assigned) VALUES (34, 32, 'lead', '2025-07-30');
INSERT INTO case_investigators (case_id, investigator_id, role_in_case, date_assigned) VALUES (34, 9, 'support', '2025-08-21');
INSERT INTO case_investigators (case_id, investigator_id, role_in_case, date_assigned) VALUES (34, 13, 'support', '2025-09-09');
INSERT INTO case_investigators (case_id, investigator_id, role_in_case, date_assigned) VALUES (34, 22, 'support', '2025-08-06');
INSERT INTO case_investigators (case_id, investigator_id, role_in_case, date_assigned) VALUES (35, 34, 'lead', '2026-01-07');
INSERT INTO case_investigators (case_id, investigator_id, role_in_case, date_assigned) VALUES (35, 10, 'support', '2026-06-06');
INSERT INTO case_investigators (case_id, investigator_id, role_in_case, date_assigned) VALUES (36, 8, 'support', '2025-05-25');
INSERT INTO case_investigators (case_id, investigator_id, role_in_case, date_assigned) VALUES (36, 10, 'support', '2024-07-30');
INSERT INTO case_investigators (case_id, investigator_id, role_in_case, date_assigned) VALUES (36, 35, 'support', '2025-06-03');
INSERT INTO case_investigators (case_id, investigator_id, role_in_case, date_assigned) VALUES (36, 30, 'lead', '2024-05-17');
INSERT INTO case_investigators (case_id, investigator_id, role_in_case, date_assigned) VALUES (37, 18, 'lead', '2026-03-13');
INSERT INTO case_investigators (case_id, investigator_id, role_in_case, date_assigned) VALUES (37, 27, 'support', '2026-04-20');
INSERT INTO case_investigators (case_id, investigator_id, role_in_case, date_assigned) VALUES (37, 23, 'support', '2026-04-23');
INSERT INTO case_investigators (case_id, investigator_id, role_in_case, date_assigned) VALUES (37, 7, 'support', '2026-03-30');
INSERT INTO case_investigators (case_id, investigator_id, role_in_case, date_assigned) VALUES (38, 29, 'support', '2025-02-16');
INSERT INTO case_investigators (case_id, investigator_id, role_in_case, date_assigned) VALUES (38, 22, 'lead', '2024-01-08');
INSERT INTO case_investigators (case_id, investigator_id, role_in_case, date_assigned) VALUES (39, 17, 'lead', '2024-07-19');
INSERT INTO case_investigators (case_id, investigator_id, role_in_case, date_assigned) VALUES (39, 12, 'support', '2025-07-19');
INSERT INTO case_investigators (case_id, investigator_id, role_in_case, date_assigned) VALUES (39, 22, 'support', '2025-03-04');
INSERT INTO case_investigators (case_id, investigator_id, role_in_case, date_assigned) VALUES (39, 33, 'support', '2025-01-14');
INSERT INTO case_investigators (case_id, investigator_id, role_in_case, date_assigned) VALUES (40, 21, 'support', '2025-10-13');
INSERT INTO case_investigators (case_id, investigator_id, role_in_case, date_assigned) VALUES (40, 20, 'support', '2025-10-19');
INSERT INTO case_investigators (case_id, investigator_id, role_in_case, date_assigned) VALUES (40, 13, 'lead', '2025-09-27');
INSERT INTO case_investigators (case_id, investigator_id, role_in_case, date_assigned) VALUES (41, 32, 'lead', '2024-03-29');
INSERT INTO case_investigators (case_id, investigator_id, role_in_case, date_assigned) VALUES (41, 1, 'support', '2024-10-01');
INSERT INTO case_investigators (case_id, investigator_id, role_in_case, date_assigned) VALUES (41, 26, 'support', '2025-12-05');
INSERT INTO case_investigators (case_id, investigator_id, role_in_case, date_assigned) VALUES (41, 3, 'support', '2025-02-17');
INSERT INTO case_investigators (case_id, investigator_id, role_in_case, date_assigned) VALUES (42, 16, 'lead', '2025-12-23');
INSERT INTO case_investigators (case_id, investigator_id, role_in_case, date_assigned) VALUES (42, 33, 'support', '2026-01-28');
INSERT INTO case_investigators (case_id, investigator_id, role_in_case, date_assigned) VALUES (42, 7, 'support', '2026-03-17');
INSERT INTO case_investigators (case_id, investigator_id, role_in_case, date_assigned) VALUES (42, 15, 'support', '2026-07-01');
INSERT INTO case_investigators (case_id, investigator_id, role_in_case, date_assigned) VALUES (43, 16, 'support', '2025-05-19');
INSERT INTO case_investigators (case_id, investigator_id, role_in_case, date_assigned) VALUES (43, 22, 'lead', '2024-05-29');
INSERT INTO case_investigators (case_id, investigator_id, role_in_case, date_assigned) VALUES (44, 11, 'support', '2024-07-14');
INSERT INTO case_investigators (case_id, investigator_id, role_in_case, date_assigned) VALUES (44, 13, 'lead', '2024-01-15');
INSERT INTO case_investigators (case_id, investigator_id, role_in_case, date_assigned) VALUES (44, 6, 'support', '2024-07-04');
INSERT INTO case_investigators (case_id, investigator_id, role_in_case, date_assigned) VALUES (45, 1, 'support', '2024-06-16');
INSERT INTO case_investigators (case_id, investigator_id, role_in_case, date_assigned) VALUES (45, 29, 'support', '2024-05-19');
INSERT INTO case_investigators (case_id, investigator_id, role_in_case, date_assigned) VALUES (45, 22, 'support', '2024-06-08');
INSERT INTO case_investigators (case_id, investigator_id, role_in_case, date_assigned) VALUES (45, 31, 'lead', '2024-02-02');
INSERT INTO case_investigators (case_id, investigator_id, role_in_case, date_assigned) VALUES (46, 24, 'support', '2023-11-11');
INSERT INTO case_investigators (case_id, investigator_id, role_in_case, date_assigned) VALUES (46, 18, 'support', '2023-09-17');
INSERT INTO case_investigators (case_id, investigator_id, role_in_case, date_assigned) VALUES (46, 12, 'lead', '2023-09-17');
INSERT INTO case_investigators (case_id, investigator_id, role_in_case, date_assigned) VALUES (46, 5, 'support', '2023-10-11');
INSERT INTO case_investigators (case_id, investigator_id, role_in_case, date_assigned) VALUES (47, 19, 'lead', '2025-10-02');
INSERT INTO case_investigators (case_id, investigator_id, role_in_case, date_assigned) VALUES (47, 28, 'support', '2025-12-26');
INSERT INTO case_investigators (case_id, investigator_id, role_in_case, date_assigned) VALUES (47, 30, 'support', '2026-05-01');
INSERT INTO case_investigators (case_id, investigator_id, role_in_case, date_assigned) VALUES (48, 24, 'support', '2025-07-25');
INSERT INTO case_investigators (case_id, investigator_id, role_in_case, date_assigned) VALUES (48, 26, 'support', '2025-01-31');
INSERT INTO case_investigators (case_id, investigator_id, role_in_case, date_assigned) VALUES (48, 19, 'lead', '2024-01-13');
INSERT INTO case_investigators (case_id, investigator_id, role_in_case, date_assigned) VALUES (49, 32, 'support', '2024-09-04');
INSERT INTO case_investigators (case_id, investigator_id, role_in_case, date_assigned) VALUES (49, 31, 'lead', '2023-06-01');
INSERT INTO case_investigators (case_id, investigator_id, role_in_case, date_assigned) VALUES (50, 4, 'lead', '2024-09-14');
INSERT INTO case_investigators (case_id, investigator_id, role_in_case, date_assigned) VALUES (50, 30, 'support', '2024-09-23');

-- ----------------------------------------------------------------------------
-- 15. case_suspects
-- ----------------------------------------------------------------------------
INSERT INTO case_suspects (case_id, suspect_id, suspect_status_in_case, date_linked) VALUES (1, 19, 'person_of_interest', '2025-03-06');
INSERT INTO case_suspects (case_id, suspect_id, suspect_status_in_case, date_linked) VALUES (2, 7, 'charged', '2025-02-28');
INSERT INTO case_suspects (case_id, suspect_id, suspect_status_in_case, date_linked) VALUES (2, 5, 'charged', '2025-02-18');
INSERT INTO case_suspects (case_id, suspect_id, suspect_status_in_case, date_linked) VALUES (3, 5, 'charged', '2026-03-11');
INSERT INTO case_suspects (case_id, suspect_id, suspect_status_in_case, date_linked) VALUES (3, 36, 'cleared', '2026-02-10');
INSERT INTO case_suspects (case_id, suspect_id, suspect_status_in_case, date_linked) VALUES (3, 6, 'charged', '2026-02-19');
INSERT INTO case_suspects (case_id, suspect_id, suspect_status_in_case, date_linked) VALUES (4, 28, 'person_of_interest', '2025-08-13');
INSERT INTO case_suspects (case_id, suspect_id, suspect_status_in_case, date_linked) VALUES (4, 11, 'person_of_interest', '2025-03-21');
INSERT INTO case_suspects (case_id, suspect_id, suspect_status_in_case, date_linked) VALUES (4, 4, 'charged', '2026-03-29');
INSERT INTO case_suspects (case_id, suspect_id, suspect_status_in_case, date_linked) VALUES (5, 35, 'charged', '2026-05-10');
INSERT INTO case_suspects (case_id, suspect_id, suspect_status_in_case, date_linked) VALUES (5, 17, 'person_of_interest', '2026-04-14');
INSERT INTO case_suspects (case_id, suspect_id, suspect_status_in_case, date_linked) VALUES (5, 43, 'person_of_interest', '2026-05-22');
INSERT INTO case_suspects (case_id, suspect_id, suspect_status_in_case, date_linked) VALUES (6, 36, 'person_of_interest', '2025-03-17');
INSERT INTO case_suspects (case_id, suspect_id, suspect_status_in_case, date_linked) VALUES (6, 32, 'person_of_interest', '2025-05-24');
INSERT INTO case_suspects (case_id, suspect_id, suspect_status_in_case, date_linked) VALUES (6, 10, 'person_of_interest', '2025-01-08');
INSERT INTO case_suspects (case_id, suspect_id, suspect_status_in_case, date_linked) VALUES (7, 41, 'person_of_interest', '2025-02-24');
INSERT INTO case_suspects (case_id, suspect_id, suspect_status_in_case, date_linked) VALUES (7, 39, 'person_of_interest', '2025-06-16');
INSERT INTO case_suspects (case_id, suspect_id, suspect_status_in_case, date_linked) VALUES (7, 31, 'person_of_interest', '2025-09-11');
INSERT INTO case_suspects (case_id, suspect_id, suspect_status_in_case, date_linked) VALUES (8, 31, 'person_of_interest', '2024-12-26');
INSERT INTO case_suspects (case_id, suspect_id, suspect_status_in_case, date_linked) VALUES (9, 31, 'cleared', '2026-04-01');
INSERT INTO case_suspects (case_id, suspect_id, suspect_status_in_case, date_linked) VALUES (9, 32, 'person_of_interest', '2026-04-13');
INSERT INTO case_suspects (case_id, suspect_id, suspect_status_in_case, date_linked) VALUES (10, 25, 'charged', '2025-02-06');
INSERT INTO case_suspects (case_id, suspect_id, suspect_status_in_case, date_linked) VALUES (10, 12, 'person_of_interest', '2025-07-12');
INSERT INTO case_suspects (case_id, suspect_id, suspect_status_in_case, date_linked) VALUES (10, 24, 'person_of_interest', '2024-07-04');
INSERT INTO case_suspects (case_id, suspect_id, suspect_status_in_case, date_linked) VALUES (11, 30, 'person_of_interest', '2026-03-13');
INSERT INTO case_suspects (case_id, suspect_id, suspect_status_in_case, date_linked) VALUES (11, 17, 'charged', '2026-02-06');
INSERT INTO case_suspects (case_id, suspect_id, suspect_status_in_case, date_linked) VALUES (12, 10, 'cleared', '2025-09-27');
INSERT INTO case_suspects (case_id, suspect_id, suspect_status_in_case, date_linked) VALUES (13, 43, 'charged', '2026-05-24');
INSERT INTO case_suspects (case_id, suspect_id, suspect_status_in_case, date_linked) VALUES (14, 27, 'cleared', '2024-07-22');
INSERT INTO case_suspects (case_id, suspect_id, suspect_status_in_case, date_linked) VALUES (14, 38, 'charged', '2025-11-07');
INSERT INTO case_suspects (case_id, suspect_id, suspect_status_in_case, date_linked) VALUES (14, 15, 'charged', '2025-11-20');
INSERT INTO case_suspects (case_id, suspect_id, suspect_status_in_case, date_linked) VALUES (15, 31, 'charged', '2025-05-18');
INSERT INTO case_suspects (case_id, suspect_id, suspect_status_in_case, date_linked) VALUES (15, 37, 'person_of_interest', '2025-08-24');
INSERT INTO case_suspects (case_id, suspect_id, suspect_status_in_case, date_linked) VALUES (15, 16, 'cleared', '2024-08-20');
INSERT INTO case_suspects (case_id, suspect_id, suspect_status_in_case, date_linked) VALUES (16, 37, 'cleared', '2026-02-17');
INSERT INTO case_suspects (case_id, suspect_id, suspect_status_in_case, date_linked) VALUES (16, 34, 'person_of_interest', '2026-05-05');
INSERT INTO case_suspects (case_id, suspect_id, suspect_status_in_case, date_linked) VALUES (16, 44, 'person_of_interest', '2026-02-22');
INSERT INTO case_suspects (case_id, suspect_id, suspect_status_in_case, date_linked) VALUES (17, 13, 'person_of_interest', '2024-03-19');
INSERT INTO case_suspects (case_id, suspect_id, suspect_status_in_case, date_linked) VALUES (18, 6, 'charged', '2024-09-21');
INSERT INTO case_suspects (case_id, suspect_id, suspect_status_in_case, date_linked) VALUES (18, 44, 'cleared', '2024-07-28');
INSERT INTO case_suspects (case_id, suspect_id, suspect_status_in_case, date_linked) VALUES (19, 17, 'person_of_interest', '2026-04-18');
INSERT INTO case_suspects (case_id, suspect_id, suspect_status_in_case, date_linked) VALUES (19, 21, 'cleared', '2026-04-19');
INSERT INTO case_suspects (case_id, suspect_id, suspect_status_in_case, date_linked) VALUES (19, 5, 'cleared', '2026-04-14');
INSERT INTO case_suspects (case_id, suspect_id, suspect_status_in_case, date_linked) VALUES (20, 34, 'person_of_interest', '2026-01-30');
INSERT INTO case_suspects (case_id, suspect_id, suspect_status_in_case, date_linked) VALUES (20, 30, 'charged', '2025-07-04');
INSERT INTO case_suspects (case_id, suspect_id, suspect_status_in_case, date_linked) VALUES (21, 10, 'cleared', '2026-02-28');
INSERT INTO case_suspects (case_id, suspect_id, suspect_status_in_case, date_linked) VALUES (21, 37, 'person_of_interest', '2024-10-28');
INSERT INTO case_suspects (case_id, suspect_id, suspect_status_in_case, date_linked) VALUES (22, 7, 'charged', '2025-11-04');
INSERT INTO case_suspects (case_id, suspect_id, suspect_status_in_case, date_linked) VALUES (22, 19, 'charged', '2025-10-21');
INSERT INTO case_suspects (case_id, suspect_id, suspect_status_in_case, date_linked) VALUES (22, 35, 'cleared', '2025-12-12');
INSERT INTO case_suspects (case_id, suspect_id, suspect_status_in_case, date_linked) VALUES (23, 39, 'person_of_interest', '2026-04-29');
INSERT INTO case_suspects (case_id, suspect_id, suspect_status_in_case, date_linked) VALUES (23, 31, 'charged', '2026-04-28');
INSERT INTO case_suspects (case_id, suspect_id, suspect_status_in_case, date_linked) VALUES (23, 3, 'cleared', '2026-04-30');
INSERT INTO case_suspects (case_id, suspect_id, suspect_status_in_case, date_linked) VALUES (24, 26, 'charged', '2026-05-24');
INSERT INTO case_suspects (case_id, suspect_id, suspect_status_in_case, date_linked) VALUES (25, 4, 'cleared', '2025-10-16');
INSERT INTO case_suspects (case_id, suspect_id, suspect_status_in_case, date_linked) VALUES (26, 24, 'charged', '2026-03-27');
INSERT INTO case_suspects (case_id, suspect_id, suspect_status_in_case, date_linked) VALUES (26, 2, 'charged', '2026-03-21');
INSERT INTO case_suspects (case_id, suspect_id, suspect_status_in_case, date_linked) VALUES (27, 45, 'person_of_interest', '2023-04-22');
INSERT INTO case_suspects (case_id, suspect_id, suspect_status_in_case, date_linked) VALUES (27, 44, 'person_of_interest', '2023-05-01');
INSERT INTO case_suspects (case_id, suspect_id, suspect_status_in_case, date_linked) VALUES (28, 29, 'cleared', '2026-03-28');
INSERT INTO case_suspects (case_id, suspect_id, suspect_status_in_case, date_linked) VALUES (28, 21, 'cleared', '2025-10-11');
INSERT INTO case_suspects (case_id, suspect_id, suspect_status_in_case, date_linked) VALUES (28, 18, 'person_of_interest', '2026-04-10');
INSERT INTO case_suspects (case_id, suspect_id, suspect_status_in_case, date_linked) VALUES (29, 27, 'cleared', '2025-04-19');
INSERT INTO case_suspects (case_id, suspect_id, suspect_status_in_case, date_linked) VALUES (30, 24, 'person_of_interest', '2023-08-14');
INSERT INTO case_suspects (case_id, suspect_id, suspect_status_in_case, date_linked) VALUES (30, 4, 'charged', '2023-09-24');
INSERT INTO case_suspects (case_id, suspect_id, suspect_status_in_case, date_linked) VALUES (30, 33, 'cleared', '2023-09-04');
INSERT INTO case_suspects (case_id, suspect_id, suspect_status_in_case, date_linked) VALUES (31, 34, 'cleared', '2024-06-10');
INSERT INTO case_suspects (case_id, suspect_id, suspect_status_in_case, date_linked) VALUES (32, 13, 'person_of_interest', '2026-03-12');
INSERT INTO case_suspects (case_id, suspect_id, suspect_status_in_case, date_linked) VALUES (33, 3, 'charged', '2025-01-19');
INSERT INTO case_suspects (case_id, suspect_id, suspect_status_in_case, date_linked) VALUES (34, 13, 'charged', '2025-09-27');
INSERT INTO case_suspects (case_id, suspect_id, suspect_status_in_case, date_linked) VALUES (34, 18, 'cleared', '2025-09-18');
INSERT INTO case_suspects (case_id, suspect_id, suspect_status_in_case, date_linked) VALUES (35, 8, 'person_of_interest', '2026-04-12');
INSERT INTO case_suspects (case_id, suspect_id, suspect_status_in_case, date_linked) VALUES (35, 44, 'charged', '2026-06-08');
INSERT INTO case_suspects (case_id, suspect_id, suspect_status_in_case, date_linked) VALUES (35, 2, 'charged', '2026-02-21');
INSERT INTO case_suspects (case_id, suspect_id, suspect_status_in_case, date_linked) VALUES (36, 38, 'charged', '2025-05-04');
INSERT INTO case_suspects (case_id, suspect_id, suspect_status_in_case, date_linked) VALUES (36, 36, 'person_of_interest', '2025-02-05');
INSERT INTO case_suspects (case_id, suspect_id, suspect_status_in_case, date_linked) VALUES (37, 45, 'person_of_interest', '2026-05-01');
INSERT INTO case_suspects (case_id, suspect_id, suspect_status_in_case, date_linked) VALUES (37, 6, 'person_of_interest', '2026-04-02');
INSERT INTO case_suspects (case_id, suspect_id, suspect_status_in_case, date_linked) VALUES (37, 19, 'cleared', '2026-04-09');
INSERT INTO case_suspects (case_id, suspect_id, suspect_status_in_case, date_linked) VALUES (38, 42, 'person_of_interest', '2024-12-19');
INSERT INTO case_suspects (case_id, suspect_id, suspect_status_in_case, date_linked) VALUES (39, 18, 'cleared', '2025-09-11');
INSERT INTO case_suspects (case_id, suspect_id, suspect_status_in_case, date_linked) VALUES (40, 2, 'charged', '2026-01-21');
INSERT INTO case_suspects (case_id, suspect_id, suspect_status_in_case, date_linked) VALUES (40, 44, 'person_of_interest', '2025-12-18');
INSERT INTO case_suspects (case_id, suspect_id, suspect_status_in_case, date_linked) VALUES (40, 1, 'person_of_interest', '2025-12-12');
INSERT INTO case_suspects (case_id, suspect_id, suspect_status_in_case, date_linked) VALUES (41, 15, 'charged', '2025-12-11');
INSERT INTO case_suspects (case_id, suspect_id, suspect_status_in_case, date_linked) VALUES (42, 42, 'charged', '2026-03-29');
INSERT INTO case_suspects (case_id, suspect_id, suspect_status_in_case, date_linked) VALUES (42, 18, 'charged', '2026-04-19');
INSERT INTO case_suspects (case_id, suspect_id, suspect_status_in_case, date_linked) VALUES (43, 14, 'charged', '2026-04-22');
INSERT INTO case_suspects (case_id, suspect_id, suspect_status_in_case, date_linked) VALUES (43, 30, 'cleared', '2026-02-26');
INSERT INTO case_suspects (case_id, suspect_id, suspect_status_in_case, date_linked) VALUES (44, 38, 'person_of_interest', '2024-05-24');
INSERT INTO case_suspects (case_id, suspect_id, suspect_status_in_case, date_linked) VALUES (44, 7, 'cleared', '2024-04-19');
INSERT INTO case_suspects (case_id, suspect_id, suspect_status_in_case, date_linked) VALUES (45, 42, 'charged', '2024-03-28');
INSERT INTO case_suspects (case_id, suspect_id, suspect_status_in_case, date_linked) VALUES (45, 39, 'charged', '2024-03-05');
INSERT INTO case_suspects (case_id, suspect_id, suspect_status_in_case, date_linked) VALUES (45, 19, 'charged', '2024-06-22');
INSERT INTO case_suspects (case_id, suspect_id, suspect_status_in_case, date_linked) VALUES (46, 21, 'cleared', '2024-02-16');
INSERT INTO case_suspects (case_id, suspect_id, suspect_status_in_case, date_linked) VALUES (46, 18, 'person_of_interest', '2023-12-02');
INSERT INTO case_suspects (case_id, suspect_id, suspect_status_in_case, date_linked) VALUES (46, 17, 'cleared', '2024-01-18');
INSERT INTO case_suspects (case_id, suspect_id, suspect_status_in_case, date_linked) VALUES (47, 39, 'charged', '2026-03-14');
INSERT INTO case_suspects (case_id, suspect_id, suspect_status_in_case, date_linked) VALUES (48, 9, 'charged', '2024-11-10');
INSERT INTO case_suspects (case_id, suspect_id, suspect_status_in_case, date_linked) VALUES (48, 2, 'charged', '2025-03-16');
INSERT INTO case_suspects (case_id, suspect_id, suspect_status_in_case, date_linked) VALUES (48, 42, 'charged', '2025-02-13');
INSERT INTO case_suspects (case_id, suspect_id, suspect_status_in_case, date_linked) VALUES (49, 3, 'person_of_interest', '2025-05-03');
INSERT INTO case_suspects (case_id, suspect_id, suspect_status_in_case, date_linked) VALUES (49, 38, 'cleared', '2024-08-29');
INSERT INTO case_suspects (case_id, suspect_id, suspect_status_in_case, date_linked) VALUES (49, 37, 'cleared', '2026-05-30');
INSERT INTO case_suspects (case_id, suspect_id, suspect_status_in_case, date_linked) VALUES (50, 31, 'cleared', '2024-10-22');
INSERT INTO case_suspects (case_id, suspect_id, suspect_status_in_case, date_linked) VALUES (50, 43, 'person_of_interest', '2024-12-07');
INSERT INTO case_suspects (case_id, suspect_id, suspect_status_in_case, date_linked) VALUES (50, 23, 'cleared', '2024-10-07');

-- ----------------------------------------------------------------------------
-- 16. chain_of_custody
-- ----------------------------------------------------------------------------
INSERT INTO chain_of_custody (custody_id, evidence_id, from_investigator_id, to_investigator_id, from_location_id, to_location_id, transfer_reason, transfer_timestamp, confirmed) VALUES (1, 1, NULL, 25, NULL, 11, 'Initial collection and intake', '2025-01-25 10:24:05', 1);
INSERT INTO chain_of_custody (custody_id, evidence_id, from_investigator_id, to_investigator_id, from_location_id, to_location_id, transfer_reason, transfer_timestamp, confirmed) VALUES (2, 1, 25, 17, 11, 12, 'Returned to evidence locker after analysis', '2025-02-01 07:24:05', 1);
INSERT INTO chain_of_custody (custody_id, evidence_id, from_investigator_id, to_investigator_id, from_location_id, to_location_id, transfer_reason, transfer_timestamp, confirmed) VALUES (3, 2, NULL, 3, NULL, 3, 'Initial collection and intake', '2026-06-24 20:52:05', 1);
INSERT INTO chain_of_custody (custody_id, evidence_id, from_investigator_id, to_investigator_id, from_location_id, to_location_id, transfer_reason, transfer_timestamp, confirmed) VALUES (4, 2, 3, 20, 3, 7, 'Handed off for court preparation', '2026-07-07 04:52:05', 1);
INSERT INTO chain_of_custody (custody_id, evidence_id, from_investigator_id, to_investigator_id, from_location_id, to_location_id, transfer_reason, transfer_timestamp, confirmed) VALUES (5, 2, 20, 30, 7, 2, 'Transferred between departments for joint investigation', '2026-07-10 00:52:05', 1);
INSERT INTO chain_of_custody (custody_id, evidence_id, from_investigator_id, to_investigator_id, from_location_id, to_location_id, transfer_reason, transfer_timestamp, confirmed) VALUES (6, 3, NULL, 5, NULL, 3, 'Initial collection and intake', '2023-08-17 13:10:42', 1);
INSERT INTO chain_of_custody (custody_id, evidence_id, from_investigator_id, to_investigator_id, from_location_id, to_location_id, transfer_reason, transfer_timestamp, confirmed) VALUES (7, 3, 5, 33, 3, 2, 'Transferred to specialist for deep analysis', '2023-08-31 05:10:42', 1);
INSERT INTO chain_of_custody (custody_id, evidence_id, from_investigator_id, to_investigator_id, from_location_id, to_location_id, transfer_reason, transfer_timestamp, confirmed) VALUES (8, 3, 33, 4, 2, 3, 'Moved to secure long-term storage', '2023-09-07 15:10:42', 1);
INSERT INTO chain_of_custody (custody_id, evidence_id, from_investigator_id, to_investigator_id, from_location_id, to_location_id, transfer_reason, transfer_timestamp, confirmed) VALUES (9, 4, NULL, 26, NULL, 9, 'Initial collection and intake', '2026-02-20 21:03:19', 1);
INSERT INTO chain_of_custody (custody_id, evidence_id, from_investigator_id, to_investigator_id, from_location_id, to_location_id, transfer_reason, transfer_timestamp, confirmed) VALUES (10, 4, 26, 12, 9, 2, 'Transferred between departments for joint investigation', '2026-03-04 17:03:19', 0);
INSERT INTO chain_of_custody (custody_id, evidence_id, from_investigator_id, to_investigator_id, from_location_id, to_location_id, transfer_reason, transfer_timestamp, confirmed) VALUES (11, 4, 12, 21, 2, 11, 'Transferred for forensic analysis', '2026-03-06 07:03:19', 1);
INSERT INTO chain_of_custody (custody_id, evidence_id, from_investigator_id, to_investigator_id, from_location_id, to_location_id, transfer_reason, transfer_timestamp, confirmed) VALUES (12, 5, NULL, 22, NULL, 11, 'Initial collection and intake', '2025-04-29 07:43:41', 1);
INSERT INTO chain_of_custody (custody_id, evidence_id, from_investigator_id, to_investigator_id, from_location_id, to_location_id, transfer_reason, transfer_timestamp, confirmed) VALUES (13, 6, NULL, 32, NULL, 8, 'Initial collection and intake', '2025-11-08 13:29:40', 1);
INSERT INTO chain_of_custody (custody_id, evidence_id, from_investigator_id, to_investigator_id, from_location_id, to_location_id, transfer_reason, transfer_timestamp, confirmed) VALUES (14, 7, NULL, 7, NULL, 6, 'Initial collection and intake', '2026-01-06 21:44:54', 0);
INSERT INTO chain_of_custody (custody_id, evidence_id, from_investigator_id, to_investigator_id, from_location_id, to_location_id, transfer_reason, transfer_timestamp, confirmed) VALUES (15, 7, 7, 25, 6, 1, 'Transferred for forensic analysis', '2026-01-25 03:44:54', 1);
INSERT INTO chain_of_custody (custody_id, evidence_id, from_investigator_id, to_investigator_id, from_location_id, to_location_id, transfer_reason, transfer_timestamp, confirmed) VALUES (16, 8, NULL, 3, NULL, 8, 'Initial collection and intake', '2025-11-20 13:39:44', 1);
INSERT INTO chain_of_custody (custody_id, evidence_id, from_investigator_id, to_investigator_id, from_location_id, to_location_id, transfer_reason, transfer_timestamp, confirmed) VALUES (17, 9, NULL, 26, NULL, 11, 'Initial collection and intake', '2024-05-18 13:00:23', 1);
INSERT INTO chain_of_custody (custody_id, evidence_id, from_investigator_id, to_investigator_id, from_location_id, to_location_id, transfer_reason, transfer_timestamp, confirmed) VALUES (18, 9, 26, 15, 11, 12, 'Handed off for court preparation', '2024-05-28 17:00:23', 1);
INSERT INTO chain_of_custody (custody_id, evidence_id, from_investigator_id, to_investigator_id, from_location_id, to_location_id, transfer_reason, transfer_timestamp, confirmed) VALUES (19, 9, 15, 33, 12, 10, 'Handed off for court preparation', '2024-06-03 19:00:23', 1);
INSERT INTO chain_of_custody (custody_id, evidence_id, from_investigator_id, to_investigator_id, from_location_id, to_location_id, transfer_reason, transfer_timestamp, confirmed) VALUES (20, 10, NULL, 16, NULL, 2, 'Initial collection and intake', '2025-05-23 06:55:23', 1);
INSERT INTO chain_of_custody (custody_id, evidence_id, from_investigator_id, to_investigator_id, from_location_id, to_location_id, transfer_reason, transfer_timestamp, confirmed) VALUES (21, 10, 16, 34, 2, 6, 'Transferred between departments for joint investigation', '2025-05-28 16:55:23', 0);
INSERT INTO chain_of_custody (custody_id, evidence_id, from_investigator_id, to_investigator_id, from_location_id, to_location_id, transfer_reason, transfer_timestamp, confirmed) VALUES (22, 11, NULL, 5, NULL, 8, 'Initial collection and intake', '2025-06-05 17:53:32', 1);
INSERT INTO chain_of_custody (custody_id, evidence_id, from_investigator_id, to_investigator_id, from_location_id, to_location_id, transfer_reason, transfer_timestamp, confirmed) VALUES (23, 11, 5, 26, 8, 1, 'Moved to secure long-term storage', '2025-06-14 16:53:32', 0);
INSERT INTO chain_of_custody (custody_id, evidence_id, from_investigator_id, to_investigator_id, from_location_id, to_location_id, transfer_reason, transfer_timestamp, confirmed) VALUES (24, 12, NULL, 34, NULL, 8, 'Initial collection and intake', '2026-03-04 21:58:03', 1);
INSERT INTO chain_of_custody (custody_id, evidence_id, from_investigator_id, to_investigator_id, from_location_id, to_location_id, transfer_reason, transfer_timestamp, confirmed) VALUES (25, 13, NULL, 8, NULL, 4, 'Initial collection and intake', '2023-12-06 07:16:26', 1);
INSERT INTO chain_of_custody (custody_id, evidence_id, from_investigator_id, to_investigator_id, from_location_id, to_location_id, transfer_reason, transfer_timestamp, confirmed) VALUES (26, 14, NULL, 5, NULL, 12, 'Initial collection and intake', '2024-12-22 14:34:59', 1);
INSERT INTO chain_of_custody (custody_id, evidence_id, from_investigator_id, to_investigator_id, from_location_id, to_location_id, transfer_reason, transfer_timestamp, confirmed) VALUES (27, 15, NULL, 2, NULL, 8, 'Initial collection and intake', '2025-12-17 10:04:34', 1);
INSERT INTO chain_of_custody (custody_id, evidence_id, from_investigator_id, to_investigator_id, from_location_id, to_location_id, transfer_reason, transfer_timestamp, confirmed) VALUES (28, 15, 2, 4, 8, 11, 'Transferred for forensic analysis', '2025-12-18 11:04:34', 1);
INSERT INTO chain_of_custody (custody_id, evidence_id, from_investigator_id, to_investigator_id, from_location_id, to_location_id, transfer_reason, transfer_timestamp, confirmed) VALUES (29, 15, 4, 27, 11, 8, 'Transferred between departments for joint investigation', '2025-12-23 04:04:34', 1);
INSERT INTO chain_of_custody (custody_id, evidence_id, from_investigator_id, to_investigator_id, from_location_id, to_location_id, transfer_reason, transfer_timestamp, confirmed) VALUES (30, 16, NULL, 31, NULL, 7, 'Initial collection and intake', '2026-04-02 03:55:32', 1);
INSERT INTO chain_of_custody (custody_id, evidence_id, from_investigator_id, to_investigator_id, from_location_id, to_location_id, transfer_reason, transfer_timestamp, confirmed) VALUES (31, 16, 31, 1, 7, 5, 'Transferred between departments for joint investigation', '2026-04-07 00:55:32', 1);
INSERT INTO chain_of_custody (custody_id, evidence_id, from_investigator_id, to_investigator_id, from_location_id, to_location_id, transfer_reason, transfer_timestamp, confirmed) VALUES (32, 16, 1, 9, 5, 7, 'Transferred for forensic analysis', '2026-04-24 23:55:32', 1);
INSERT INTO chain_of_custody (custody_id, evidence_id, from_investigator_id, to_investigator_id, from_location_id, to_location_id, transfer_reason, transfer_timestamp, confirmed) VALUES (33, 17, NULL, 12, NULL, 3, 'Initial collection and intake', '2026-01-17 23:29:06', 1);
INSERT INTO chain_of_custody (custody_id, evidence_id, from_investigator_id, to_investigator_id, from_location_id, to_location_id, transfer_reason, transfer_timestamp, confirmed) VALUES (34, 17, 12, 13, 3, 5, 'Returned to evidence locker after analysis', '2026-01-25 10:29:06', 1);
INSERT INTO chain_of_custody (custody_id, evidence_id, from_investigator_id, to_investigator_id, from_location_id, to_location_id, transfer_reason, transfer_timestamp, confirmed) VALUES (35, 18, NULL, 15, NULL, 12, 'Initial collection and intake', '2025-08-13 00:45:24', 1);
INSERT INTO chain_of_custody (custody_id, evidence_id, from_investigator_id, to_investigator_id, from_location_id, to_location_id, transfer_reason, transfer_timestamp, confirmed) VALUES (36, 18, 15, 14, 12, 12, 'Transferred between departments for joint investigation', '2025-08-24 07:45:24', 1);
INSERT INTO chain_of_custody (custody_id, evidence_id, from_investigator_id, to_investigator_id, from_location_id, to_location_id, transfer_reason, transfer_timestamp, confirmed) VALUES (37, 19, NULL, 11, NULL, 9, 'Initial collection and intake', '2025-02-10 09:49:18', 1);
INSERT INTO chain_of_custody (custody_id, evidence_id, from_investigator_id, to_investigator_id, from_location_id, to_location_id, transfer_reason, transfer_timestamp, confirmed) VALUES (38, 19, 11, 32, 9, 3, 'Transferred for forensic analysis', '2025-02-27 11:49:18', 1);
INSERT INTO chain_of_custody (custody_id, evidence_id, from_investigator_id, to_investigator_id, from_location_id, to_location_id, transfer_reason, transfer_timestamp, confirmed) VALUES (39, 19, 32, 7, 3, 5, 'Transferred to specialist for deep analysis', '2025-03-08 01:49:18', 0);
INSERT INTO chain_of_custody (custody_id, evidence_id, from_investigator_id, to_investigator_id, from_location_id, to_location_id, transfer_reason, transfer_timestamp, confirmed) VALUES (40, 20, NULL, 6, NULL, 1, 'Initial collection and intake', '2025-11-16 20:26:17', 1);
INSERT INTO chain_of_custody (custody_id, evidence_id, from_investigator_id, to_investigator_id, from_location_id, to_location_id, transfer_reason, transfer_timestamp, confirmed) VALUES (41, 20, 6, 12, 1, 1, 'Handed off for court preparation', '2025-11-29 17:26:17', 1);
INSERT INTO chain_of_custody (custody_id, evidence_id, from_investigator_id, to_investigator_id, from_location_id, to_location_id, transfer_reason, transfer_timestamp, confirmed) VALUES (42, 21, NULL, 20, NULL, 11, 'Initial collection and intake', '2023-04-26 08:04:16', 1);
INSERT INTO chain_of_custody (custody_id, evidence_id, from_investigator_id, to_investigator_id, from_location_id, to_location_id, transfer_reason, transfer_timestamp, confirmed) VALUES (43, 21, 20, 3, 11, 1, 'Moved to secure long-term storage', '2023-05-02 18:04:16', 1);
INSERT INTO chain_of_custody (custody_id, evidence_id, from_investigator_id, to_investigator_id, from_location_id, to_location_id, transfer_reason, transfer_timestamp, confirmed) VALUES (44, 21, 3, 29, 1, 10, 'Handed off for court preparation', '2023-05-06 05:04:16', 1);
INSERT INTO chain_of_custody (custody_id, evidence_id, from_investigator_id, to_investigator_id, from_location_id, to_location_id, transfer_reason, transfer_timestamp, confirmed) VALUES (45, 22, NULL, 22, NULL, 4, 'Initial collection and intake', '2026-04-06 02:28:31', 1);
INSERT INTO chain_of_custody (custody_id, evidence_id, from_investigator_id, to_investigator_id, from_location_id, to_location_id, transfer_reason, transfer_timestamp, confirmed) VALUES (46, 23, NULL, 16, NULL, 6, 'Initial collection and intake', '2026-03-07 23:23:08', 1);
INSERT INTO chain_of_custody (custody_id, evidence_id, from_investigator_id, to_investigator_id, from_location_id, to_location_id, transfer_reason, transfer_timestamp, confirmed) VALUES (47, 23, 16, 31, 6, 7, 'Transferred to specialist for deep analysis', '2026-03-14 02:23:08', 1);
INSERT INTO chain_of_custody (custody_id, evidence_id, from_investigator_id, to_investigator_id, from_location_id, to_location_id, transfer_reason, transfer_timestamp, confirmed) VALUES (48, 24, NULL, 11, NULL, 4, 'Initial collection and intake', '2025-04-15 23:45:50', 1);
INSERT INTO chain_of_custody (custody_id, evidence_id, from_investigator_id, to_investigator_id, from_location_id, to_location_id, transfer_reason, transfer_timestamp, confirmed) VALUES (49, 24, 11, 31, 4, 10, 'Transferred to specialist for deep analysis', '2025-05-01 04:45:50', 1);
INSERT INTO chain_of_custody (custody_id, evidence_id, from_investigator_id, to_investigator_id, from_location_id, to_location_id, transfer_reason, transfer_timestamp, confirmed) VALUES (50, 24, 31, 23, 10, 10, 'Transferred for forensic analysis', '2025-05-06 19:45:50', 0);
INSERT INTO chain_of_custody (custody_id, evidence_id, from_investigator_id, to_investigator_id, from_location_id, to_location_id, transfer_reason, transfer_timestamp, confirmed) VALUES (51, 25, NULL, 32, NULL, 5, 'Initial collection and intake', '2026-06-26 01:32:30', 1);
INSERT INTO chain_of_custody (custody_id, evidence_id, from_investigator_id, to_investigator_id, from_location_id, to_location_id, transfer_reason, transfer_timestamp, confirmed) VALUES (52, 26, NULL, 31, NULL, 8, 'Initial collection and intake', '2024-08-23 19:53:27', 1);
INSERT INTO chain_of_custody (custody_id, evidence_id, from_investigator_id, to_investigator_id, from_location_id, to_location_id, transfer_reason, transfer_timestamp, confirmed) VALUES (53, 26, 31, 34, 8, 12, 'Returned to evidence locker after analysis', '2024-09-12 02:53:27', 0);
INSERT INTO chain_of_custody (custody_id, evidence_id, from_investigator_id, to_investigator_id, from_location_id, to_location_id, transfer_reason, transfer_timestamp, confirmed) VALUES (54, 27, NULL, 3, NULL, 6, 'Initial collection and intake', '2026-04-19 00:14:43', 1);
INSERT INTO chain_of_custody (custody_id, evidence_id, from_investigator_id, to_investigator_id, from_location_id, to_location_id, transfer_reason, transfer_timestamp, confirmed) VALUES (55, 27, 3, 7, 6, 7, 'Transferred to specialist for deep analysis', '2026-04-27 15:14:43', 1);
INSERT INTO chain_of_custody (custody_id, evidence_id, from_investigator_id, to_investigator_id, from_location_id, to_location_id, transfer_reason, transfer_timestamp, confirmed) VALUES (56, 27, 7, 25, 7, 3, 'Returned to evidence locker after analysis', '2026-05-17 16:14:43', 1);
INSERT INTO chain_of_custody (custody_id, evidence_id, from_investigator_id, to_investigator_id, from_location_id, to_location_id, transfer_reason, transfer_timestamp, confirmed) VALUES (57, 28, NULL, 7, NULL, 3, 'Initial collection and intake', '2025-08-05 08:34:15', 1);
INSERT INTO chain_of_custody (custody_id, evidence_id, from_investigator_id, to_investigator_id, from_location_id, to_location_id, transfer_reason, transfer_timestamp, confirmed) VALUES (58, 29, NULL, 3, NULL, 1, 'Initial collection and intake', '2026-06-26 09:45:27', 1);
INSERT INTO chain_of_custody (custody_id, evidence_id, from_investigator_id, to_investigator_id, from_location_id, to_location_id, transfer_reason, transfer_timestamp, confirmed) VALUES (59, 30, NULL, 20, NULL, 7, 'Initial collection and intake', '2026-04-25 10:17:23', 1);
INSERT INTO chain_of_custody (custody_id, evidence_id, from_investigator_id, to_investigator_id, from_location_id, to_location_id, transfer_reason, transfer_timestamp, confirmed) VALUES (60, 30, 20, 25, 7, 7, 'Moved to secure long-term storage', '2026-04-29 00:17:23', 1);
INSERT INTO chain_of_custody (custody_id, evidence_id, from_investigator_id, to_investigator_id, from_location_id, to_location_id, transfer_reason, transfer_timestamp, confirmed) VALUES (61, 31, NULL, 2, NULL, 12, 'Initial collection and intake', '2025-10-27 00:06:26', 1);
INSERT INTO chain_of_custody (custody_id, evidence_id, from_investigator_id, to_investigator_id, from_location_id, to_location_id, transfer_reason, transfer_timestamp, confirmed) VALUES (62, 31, 2, 29, 12, 6, 'Transferred for forensic analysis', '2025-11-12 23:06:26', 1);
INSERT INTO chain_of_custody (custody_id, evidence_id, from_investigator_id, to_investigator_id, from_location_id, to_location_id, transfer_reason, transfer_timestamp, confirmed) VALUES (63, 31, 29, 7, 6, 7, 'Transferred between departments for joint investigation', '2025-11-15 16:06:26', 1);
INSERT INTO chain_of_custody (custody_id, evidence_id, from_investigator_id, to_investigator_id, from_location_id, to_location_id, transfer_reason, transfer_timestamp, confirmed) VALUES (64, 32, NULL, 16, NULL, 11, 'Initial collection and intake', '2025-10-30 11:30:32', 1);
INSERT INTO chain_of_custody (custody_id, evidence_id, from_investigator_id, to_investigator_id, from_location_id, to_location_id, transfer_reason, transfer_timestamp, confirmed) VALUES (65, 33, NULL, 31, NULL, 9, 'Initial collection and intake', '2024-11-14 20:02:38', 1);
INSERT INTO chain_of_custody (custody_id, evidence_id, from_investigator_id, to_investigator_id, from_location_id, to_location_id, transfer_reason, transfer_timestamp, confirmed) VALUES (66, 33, 31, 30, 9, 6, 'Handed off for court preparation', '2024-11-17 03:02:38', 1);
INSERT INTO chain_of_custody (custody_id, evidence_id, from_investigator_id, to_investigator_id, from_location_id, to_location_id, transfer_reason, transfer_timestamp, confirmed) VALUES (67, 33, 30, 22, 6, 9, 'Returned to evidence locker after analysis', '2024-12-07 18:02:38', 1);
INSERT INTO chain_of_custody (custody_id, evidence_id, from_investigator_id, to_investigator_id, from_location_id, to_location_id, transfer_reason, transfer_timestamp, confirmed) VALUES (68, 34, NULL, 12, NULL, 6, 'Initial collection and intake', '2025-08-03 18:16:15', 1);
INSERT INTO chain_of_custody (custody_id, evidence_id, from_investigator_id, to_investigator_id, from_location_id, to_location_id, transfer_reason, transfer_timestamp, confirmed) VALUES (69, 34, 12, 15, 6, 1, 'Handed off for court preparation', '2025-08-16 14:16:15', 0);
INSERT INTO chain_of_custody (custody_id, evidence_id, from_investigator_id, to_investigator_id, from_location_id, to_location_id, transfer_reason, transfer_timestamp, confirmed) VALUES (70, 35, NULL, 31, NULL, 10, 'Initial collection and intake', '2024-05-28 22:12:49', 1);
INSERT INTO chain_of_custody (custody_id, evidence_id, from_investigator_id, to_investigator_id, from_location_id, to_location_id, transfer_reason, transfer_timestamp, confirmed) VALUES (71, 35, 31, 7, 10, 1, 'Moved to secure long-term storage', '2024-06-14 02:12:49', 1);
INSERT INTO chain_of_custody (custody_id, evidence_id, from_investigator_id, to_investigator_id, from_location_id, to_location_id, transfer_reason, transfer_timestamp, confirmed) VALUES (72, 36, NULL, 23, NULL, 8, 'Initial collection and intake', '2024-10-26 09:35:52', 1);
INSERT INTO chain_of_custody (custody_id, evidence_id, from_investigator_id, to_investigator_id, from_location_id, to_location_id, transfer_reason, transfer_timestamp, confirmed) VALUES (73, 36, 23, 13, 8, 4, 'Transferred for forensic analysis', '2024-11-08 15:35:52', 1);
INSERT INTO chain_of_custody (custody_id, evidence_id, from_investigator_id, to_investigator_id, from_location_id, to_location_id, transfer_reason, transfer_timestamp, confirmed) VALUES (74, 36, 13, 13, 4, 12, 'Handed off for court preparation', '2024-11-13 04:35:52', 1);
INSERT INTO chain_of_custody (custody_id, evidence_id, from_investigator_id, to_investigator_id, from_location_id, to_location_id, transfer_reason, transfer_timestamp, confirmed) VALUES (75, 37, NULL, 3, NULL, 5, 'Initial collection and intake', '2026-04-03 17:10:15', 1);
INSERT INTO chain_of_custody (custody_id, evidence_id, from_investigator_id, to_investigator_id, from_location_id, to_location_id, transfer_reason, transfer_timestamp, confirmed) VALUES (76, 37, 3, 29, 5, 8, 'Transferred to specialist for deep analysis', '2026-04-23 09:10:15', 1);
INSERT INTO chain_of_custody (custody_id, evidence_id, from_investigator_id, to_investigator_id, from_location_id, to_location_id, transfer_reason, transfer_timestamp, confirmed) VALUES (77, 37, 29, 32, 8, 1, 'Returned to evidence locker after analysis', '2026-04-26 02:10:15', 0);
INSERT INTO chain_of_custody (custody_id, evidence_id, from_investigator_id, to_investigator_id, from_location_id, to_location_id, transfer_reason, transfer_timestamp, confirmed) VALUES (78, 38, NULL, 18, NULL, 9, 'Initial collection and intake', '2026-03-03 07:28:36', 1);
INSERT INTO chain_of_custody (custody_id, evidence_id, from_investigator_id, to_investigator_id, from_location_id, to_location_id, transfer_reason, transfer_timestamp, confirmed) VALUES (79, 38, 18, 12, 9, 12, 'Returned to evidence locker after analysis', '2026-03-10 06:28:36', 1);
INSERT INTO chain_of_custody (custody_id, evidence_id, from_investigator_id, to_investigator_id, from_location_id, to_location_id, transfer_reason, transfer_timestamp, confirmed) VALUES (80, 38, 12, 7, 12, 7, 'Transferred to specialist for deep analysis', '2026-03-31 01:28:36', 1);
INSERT INTO chain_of_custody (custody_id, evidence_id, from_investigator_id, to_investigator_id, from_location_id, to_location_id, transfer_reason, transfer_timestamp, confirmed) VALUES (81, 39, NULL, 34, NULL, 11, 'Initial collection and intake', '2025-10-30 07:57:22', 0);
INSERT INTO chain_of_custody (custody_id, evidence_id, from_investigator_id, to_investigator_id, from_location_id, to_location_id, transfer_reason, transfer_timestamp, confirmed) VALUES (82, 39, 34, 16, 11, 5, 'Transferred between departments for joint investigation', '2025-11-10 16:57:22', 1);
INSERT INTO chain_of_custody (custody_id, evidence_id, from_investigator_id, to_investigator_id, from_location_id, to_location_id, transfer_reason, transfer_timestamp, confirmed) VALUES (83, 39, 16, 9, 5, 3, 'Transferred between departments for joint investigation', '2025-12-01 14:57:22', 1);
INSERT INTO chain_of_custody (custody_id, evidence_id, from_investigator_id, to_investigator_id, from_location_id, to_location_id, transfer_reason, transfer_timestamp, confirmed) VALUES (84, 40, NULL, 11, NULL, 1, 'Initial collection and intake', '2025-10-21 16:08:33', 1);
INSERT INTO chain_of_custody (custody_id, evidence_id, from_investigator_id, to_investigator_id, from_location_id, to_location_id, transfer_reason, transfer_timestamp, confirmed) VALUES (85, 40, 11, 21, 1, 12, 'Transferred to specialist for deep analysis', '2025-11-09 12:08:33', 1);
INSERT INTO chain_of_custody (custody_id, evidence_id, from_investigator_id, to_investigator_id, from_location_id, to_location_id, transfer_reason, transfer_timestamp, confirmed) VALUES (86, 40, 21, 14, 12, 10, 'Transferred to specialist for deep analysis', '2025-11-20 09:08:33', 1);
INSERT INTO chain_of_custody (custody_id, evidence_id, from_investigator_id, to_investigator_id, from_location_id, to_location_id, transfer_reason, transfer_timestamp, confirmed) VALUES (87, 41, NULL, 3, NULL, 9, 'Initial collection and intake', '2026-06-03 12:14:17', 1);
INSERT INTO chain_of_custody (custody_id, evidence_id, from_investigator_id, to_investigator_id, from_location_id, to_location_id, transfer_reason, transfer_timestamp, confirmed) VALUES (88, 41, 3, 12, 9, 9, 'Returned to evidence locker after analysis', '2026-06-15 10:14:17', 1);
INSERT INTO chain_of_custody (custody_id, evidence_id, from_investigator_id, to_investigator_id, from_location_id, to_location_id, transfer_reason, transfer_timestamp, confirmed) VALUES (89, 41, 12, 23, 9, 9, 'Transferred between departments for joint investigation', '2026-07-05 04:14:17', 0);
INSERT INTO chain_of_custody (custody_id, evidence_id, from_investigator_id, to_investigator_id, from_location_id, to_location_id, transfer_reason, transfer_timestamp, confirmed) VALUES (90, 42, NULL, 19, NULL, 3, 'Initial collection and intake', '2026-03-23 18:43:24', 1);
INSERT INTO chain_of_custody (custody_id, evidence_id, from_investigator_id, to_investigator_id, from_location_id, to_location_id, transfer_reason, transfer_timestamp, confirmed) VALUES (91, 42, 19, 35, 3, 5, 'Transferred between departments for joint investigation', '2026-03-25 10:43:24', 1);
INSERT INTO chain_of_custody (custody_id, evidence_id, from_investigator_id, to_investigator_id, from_location_id, to_location_id, transfer_reason, transfer_timestamp, confirmed) VALUES (92, 42, 35, 25, 5, 3, 'Transferred for forensic analysis', '2026-03-27 16:43:24', 1);
INSERT INTO chain_of_custody (custody_id, evidence_id, from_investigator_id, to_investigator_id, from_location_id, to_location_id, transfer_reason, transfer_timestamp, confirmed) VALUES (93, 43, NULL, 33, NULL, 3, 'Initial collection and intake', '2026-04-13 02:19:10', 1);
INSERT INTO chain_of_custody (custody_id, evidence_id, from_investigator_id, to_investigator_id, from_location_id, to_location_id, transfer_reason, transfer_timestamp, confirmed) VALUES (94, 44, NULL, 13, NULL, 10, 'Initial collection and intake', '2024-05-05 02:37:14', 1);
INSERT INTO chain_of_custody (custody_id, evidence_id, from_investigator_id, to_investigator_id, from_location_id, to_location_id, transfer_reason, transfer_timestamp, confirmed) VALUES (95, 45, NULL, 16, NULL, 6, 'Initial collection and intake', '2026-04-18 15:56:18', 1);
INSERT INTO chain_of_custody (custody_id, evidence_id, from_investigator_id, to_investigator_id, from_location_id, to_location_id, transfer_reason, transfer_timestamp, confirmed) VALUES (96, 46, NULL, 24, NULL, 5, 'Initial collection and intake', '2025-06-11 12:56:07', 1);
INSERT INTO chain_of_custody (custody_id, evidence_id, from_investigator_id, to_investigator_id, from_location_id, to_location_id, transfer_reason, transfer_timestamp, confirmed) VALUES (97, 46, 24, 25, 5, 4, 'Returned to evidence locker after analysis', '2025-06-22 10:56:07', 1);
INSERT INTO chain_of_custody (custody_id, evidence_id, from_investigator_id, to_investigator_id, from_location_id, to_location_id, transfer_reason, transfer_timestamp, confirmed) VALUES (98, 46, 25, 25, 4, 7, 'Transferred between departments for joint investigation', '2025-07-04 03:56:07', 1);
INSERT INTO chain_of_custody (custody_id, evidence_id, from_investigator_id, to_investigator_id, from_location_id, to_location_id, transfer_reason, transfer_timestamp, confirmed) VALUES (99, 47, NULL, 8, NULL, 12, 'Initial collection and intake', '2025-10-07 07:45:26', 1);
INSERT INTO chain_of_custody (custody_id, evidence_id, from_investigator_id, to_investigator_id, from_location_id, to_location_id, transfer_reason, transfer_timestamp, confirmed) VALUES (100, 47, 8, 29, 12, 4, 'Transferred to specialist for deep analysis', '2025-10-20 01:45:26', 1);
INSERT INTO chain_of_custody (custody_id, evidence_id, from_investigator_id, to_investigator_id, from_location_id, to_location_id, transfer_reason, transfer_timestamp, confirmed) VALUES (101, 47, 29, 13, 4, 12, 'Moved to secure long-term storage', '2025-10-30 15:45:26', 1);
INSERT INTO chain_of_custody (custody_id, evidence_id, from_investigator_id, to_investigator_id, from_location_id, to_location_id, transfer_reason, transfer_timestamp, confirmed) VALUES (102, 48, NULL, 31, NULL, 7, 'Initial collection and intake', '2026-04-08 13:19:05', 0);
INSERT INTO chain_of_custody (custody_id, evidence_id, from_investigator_id, to_investigator_id, from_location_id, to_location_id, transfer_reason, transfer_timestamp, confirmed) VALUES (103, 48, 31, 33, 7, 2, 'Transferred between departments for joint investigation', '2026-04-11 02:19:05', 1);
INSERT INTO chain_of_custody (custody_id, evidence_id, from_investigator_id, to_investigator_id, from_location_id, to_location_id, transfer_reason, transfer_timestamp, confirmed) VALUES (104, 48, 33, 17, 2, 3, 'Moved to secure long-term storage', '2026-04-30 10:19:05', 1);
INSERT INTO chain_of_custody (custody_id, evidence_id, from_investigator_id, to_investigator_id, from_location_id, to_location_id, transfer_reason, transfer_timestamp, confirmed) VALUES (105, 49, NULL, 8, NULL, 10, 'Initial collection and intake', '2026-06-30 01:08:27', 1);
INSERT INTO chain_of_custody (custody_id, evidence_id, from_investigator_id, to_investigator_id, from_location_id, to_location_id, transfer_reason, transfer_timestamp, confirmed) VALUES (106, 49, 8, 21, 10, 10, 'Transferred for forensic analysis', '2026-07-20 22:08:27', 1);
INSERT INTO chain_of_custody (custody_id, evidence_id, from_investigator_id, to_investigator_id, from_location_id, to_location_id, transfer_reason, transfer_timestamp, confirmed) VALUES (107, 50, NULL, 14, NULL, 11, 'Initial collection and intake', '2026-03-23 21:31:17', 1);
INSERT INTO chain_of_custody (custody_id, evidence_id, from_investigator_id, to_investigator_id, from_location_id, to_location_id, transfer_reason, transfer_timestamp, confirmed) VALUES (108, 50, 14, 21, 11, 9, 'Moved to secure long-term storage', '2026-03-30 13:31:17', 1);
INSERT INTO chain_of_custody (custody_id, evidence_id, from_investigator_id, to_investigator_id, from_location_id, to_location_id, transfer_reason, transfer_timestamp, confirmed) VALUES (109, 50, 21, 33, 9, 3, 'Transferred between departments for joint investigation', '2026-04-18 06:31:17', 1);
INSERT INTO chain_of_custody (custody_id, evidence_id, from_investigator_id, to_investigator_id, from_location_id, to_location_id, transfer_reason, transfer_timestamp, confirmed) VALUES (110, 51, NULL, 4, NULL, 10, 'Initial collection and intake', '2025-04-02 05:25:34', 1);
INSERT INTO chain_of_custody (custody_id, evidence_id, from_investigator_id, to_investigator_id, from_location_id, to_location_id, transfer_reason, transfer_timestamp, confirmed) VALUES (111, 51, 4, 22, 10, 6, 'Handed off for court preparation', '2025-04-10 00:25:34', 1);
INSERT INTO chain_of_custody (custody_id, evidence_id, from_investigator_id, to_investigator_id, from_location_id, to_location_id, transfer_reason, transfer_timestamp, confirmed) VALUES (112, 52, NULL, 5, NULL, 6, 'Initial collection and intake', '2024-04-30 16:13:12', 1);
INSERT INTO chain_of_custody (custody_id, evidence_id, from_investigator_id, to_investigator_id, from_location_id, to_location_id, transfer_reason, transfer_timestamp, confirmed) VALUES (113, 52, 5, 29, 6, 4, 'Transferred to specialist for deep analysis', '2024-05-21 11:13:12', 1);
INSERT INTO chain_of_custody (custody_id, evidence_id, from_investigator_id, to_investigator_id, from_location_id, to_location_id, transfer_reason, transfer_timestamp, confirmed) VALUES (114, 52, 29, 3, 4, 11, 'Handed off for court preparation', '2024-06-03 14:13:12', 1);
INSERT INTO chain_of_custody (custody_id, evidence_id, from_investigator_id, to_investigator_id, from_location_id, to_location_id, transfer_reason, transfer_timestamp, confirmed) VALUES (115, 53, NULL, 25, NULL, 6, 'Initial collection and intake', '2026-02-23 05:29:52', 0);
INSERT INTO chain_of_custody (custody_id, evidence_id, from_investigator_id, to_investigator_id, from_location_id, to_location_id, transfer_reason, transfer_timestamp, confirmed) VALUES (116, 53, 25, 24, 6, 9, 'Returned to evidence locker after analysis', '2026-03-10 20:29:52', 1);
INSERT INTO chain_of_custody (custody_id, evidence_id, from_investigator_id, to_investigator_id, from_location_id, to_location_id, transfer_reason, transfer_timestamp, confirmed) VALUES (117, 53, 24, 13, 9, 6, 'Returned to evidence locker after analysis', '2026-03-13 23:29:52', 1);
INSERT INTO chain_of_custody (custody_id, evidence_id, from_investigator_id, to_investigator_id, from_location_id, to_location_id, transfer_reason, transfer_timestamp, confirmed) VALUES (118, 54, NULL, 26, NULL, 9, 'Initial collection and intake', '2026-01-29 17:57:15', 1);
INSERT INTO chain_of_custody (custody_id, evidence_id, from_investigator_id, to_investigator_id, from_location_id, to_location_id, transfer_reason, transfer_timestamp, confirmed) VALUES (119, 54, 26, 14, 9, 11, 'Transferred to specialist for deep analysis', '2026-02-06 14:57:15', 1);
INSERT INTO chain_of_custody (custody_id, evidence_id, from_investigator_id, to_investigator_id, from_location_id, to_location_id, transfer_reason, transfer_timestamp, confirmed) VALUES (120, 54, 14, 7, 11, 4, 'Returned to evidence locker after analysis', '2026-02-21 10:57:15', 1);
INSERT INTO chain_of_custody (custody_id, evidence_id, from_investigator_id, to_investigator_id, from_location_id, to_location_id, transfer_reason, transfer_timestamp, confirmed) VALUES (121, 55, NULL, 16, NULL, 4, 'Initial collection and intake', '2023-09-02 15:11:28', 1);
INSERT INTO chain_of_custody (custody_id, evidence_id, from_investigator_id, to_investigator_id, from_location_id, to_location_id, transfer_reason, transfer_timestamp, confirmed) VALUES (122, 56, NULL, 2, NULL, 10, 'Initial collection and intake', '2025-12-12 01:50:34', 1);
INSERT INTO chain_of_custody (custody_id, evidence_id, from_investigator_id, to_investigator_id, from_location_id, to_location_id, transfer_reason, transfer_timestamp, confirmed) VALUES (123, 56, 2, 12, 10, 5, 'Returned to evidence locker after analysis', '2025-12-15 19:50:34', 1);
INSERT INTO chain_of_custody (custody_id, evidence_id, from_investigator_id, to_investigator_id, from_location_id, to_location_id, transfer_reason, transfer_timestamp, confirmed) VALUES (124, 57, NULL, 3, NULL, 12, 'Initial collection and intake', '2025-01-19 05:17:57', 1);
INSERT INTO chain_of_custody (custody_id, evidence_id, from_investigator_id, to_investigator_id, from_location_id, to_location_id, transfer_reason, transfer_timestamp, confirmed) VALUES (125, 57, 3, 26, 12, 7, 'Handed off for court preparation', '2025-01-20 17:17:57', 1);
INSERT INTO chain_of_custody (custody_id, evidence_id, from_investigator_id, to_investigator_id, from_location_id, to_location_id, transfer_reason, transfer_timestamp, confirmed) VALUES (126, 58, NULL, 20, NULL, 4, 'Initial collection and intake', '2026-03-13 18:39:37', 1);
INSERT INTO chain_of_custody (custody_id, evidence_id, from_investigator_id, to_investigator_id, from_location_id, to_location_id, transfer_reason, transfer_timestamp, confirmed) VALUES (127, 58, 20, 5, 4, 12, 'Returned to evidence locker after analysis', '2026-03-16 16:39:37', 1);
INSERT INTO chain_of_custody (custody_id, evidence_id, from_investigator_id, to_investigator_id, from_location_id, to_location_id, transfer_reason, transfer_timestamp, confirmed) VALUES (128, 58, 5, 23, 12, 9, 'Transferred for forensic analysis', '2026-03-27 13:39:37', 1);
INSERT INTO chain_of_custody (custody_id, evidence_id, from_investigator_id, to_investigator_id, from_location_id, to_location_id, transfer_reason, transfer_timestamp, confirmed) VALUES (129, 59, NULL, 32, NULL, 9, 'Initial collection and intake', '2025-12-16 15:42:26', 1);
INSERT INTO chain_of_custody (custody_id, evidence_id, from_investigator_id, to_investigator_id, from_location_id, to_location_id, transfer_reason, transfer_timestamp, confirmed) VALUES (130, 60, NULL, 15, NULL, 4, 'Initial collection and intake', '2026-06-18 16:30:45', 1);
INSERT INTO chain_of_custody (custody_id, evidence_id, from_investigator_id, to_investigator_id, from_location_id, to_location_id, transfer_reason, transfer_timestamp, confirmed) VALUES (131, 60, 15, 15, 4, 3, 'Transferred to specialist for deep analysis', '2026-07-02 09:30:45', 1);
INSERT INTO chain_of_custody (custody_id, evidence_id, from_investigator_id, to_investigator_id, from_location_id, to_location_id, transfer_reason, transfer_timestamp, confirmed) VALUES (132, 60, 15, 10, 3, 5, 'Transferred to specialist for deep analysis', '2026-07-14 09:30:45', 1);
INSERT INTO chain_of_custody (custody_id, evidence_id, from_investigator_id, to_investigator_id, from_location_id, to_location_id, transfer_reason, transfer_timestamp, confirmed) VALUES (133, 61, NULL, 16, NULL, 7, 'Initial collection and intake', '2025-08-28 19:38:02', 1);
INSERT INTO chain_of_custody (custody_id, evidence_id, from_investigator_id, to_investigator_id, from_location_id, to_location_id, transfer_reason, transfer_timestamp, confirmed) VALUES (134, 61, 16, 26, 7, 9, 'Returned to evidence locker after analysis', '2025-09-01 04:38:02', 1);
INSERT INTO chain_of_custody (custody_id, evidence_id, from_investigator_id, to_investigator_id, from_location_id, to_location_id, transfer_reason, transfer_timestamp, confirmed) VALUES (135, 61, 26, 23, 9, 4, 'Transferred between departments for joint investigation', '2025-09-18 08:38:02', 1);
INSERT INTO chain_of_custody (custody_id, evidence_id, from_investigator_id, to_investigator_id, from_location_id, to_location_id, transfer_reason, transfer_timestamp, confirmed) VALUES (136, 62, NULL, 25, NULL, 5, 'Initial collection and intake', '2024-07-24 17:35:47', 1);
INSERT INTO chain_of_custody (custody_id, evidence_id, from_investigator_id, to_investigator_id, from_location_id, to_location_id, transfer_reason, transfer_timestamp, confirmed) VALUES (137, 63, NULL, 14, NULL, 8, 'Initial collection and intake', '2023-07-14 04:40:55', 1);
INSERT INTO chain_of_custody (custody_id, evidence_id, from_investigator_id, to_investigator_id, from_location_id, to_location_id, transfer_reason, transfer_timestamp, confirmed) VALUES (138, 64, NULL, 14, NULL, 4, 'Initial collection and intake', '2026-05-15 05:46:09', 1);
INSERT INTO chain_of_custody (custody_id, evidence_id, from_investigator_id, to_investigator_id, from_location_id, to_location_id, transfer_reason, transfer_timestamp, confirmed) VALUES (139, 64, 14, 19, 4, 11, 'Transferred for forensic analysis', '2026-05-24 08:46:09', 1);
INSERT INTO chain_of_custody (custody_id, evidence_id, from_investigator_id, to_investigator_id, from_location_id, to_location_id, transfer_reason, transfer_timestamp, confirmed) VALUES (140, 64, 19, 32, 11, 6, 'Handed off for court preparation', '2026-05-30 05:46:09', 1);
INSERT INTO chain_of_custody (custody_id, evidence_id, from_investigator_id, to_investigator_id, from_location_id, to_location_id, transfer_reason, transfer_timestamp, confirmed) VALUES (141, 65, NULL, 7, NULL, 8, 'Initial collection and intake', '2026-05-07 11:47:25', 1);
INSERT INTO chain_of_custody (custody_id, evidence_id, from_investigator_id, to_investigator_id, from_location_id, to_location_id, transfer_reason, transfer_timestamp, confirmed) VALUES (142, 66, NULL, 10, NULL, 12, 'Initial collection and intake', '2025-02-12 05:46:59', 1);
INSERT INTO chain_of_custody (custody_id, evidence_id, from_investigator_id, to_investigator_id, from_location_id, to_location_id, transfer_reason, transfer_timestamp, confirmed) VALUES (143, 67, NULL, 22, NULL, 8, 'Initial collection and intake', '2026-05-19 18:40:56', 1);
INSERT INTO chain_of_custody (custody_id, evidence_id, from_investigator_id, to_investigator_id, from_location_id, to_location_id, transfer_reason, transfer_timestamp, confirmed) VALUES (144, 67, 22, 24, 8, 6, 'Transferred between departments for joint investigation', '2026-05-25 18:40:56', 1);
INSERT INTO chain_of_custody (custody_id, evidence_id, from_investigator_id, to_investigator_id, from_location_id, to_location_id, transfer_reason, transfer_timestamp, confirmed) VALUES (145, 67, 24, 15, 6, 12, 'Transferred to specialist for deep analysis', '2026-06-09 02:40:56', 1);
INSERT INTO chain_of_custody (custody_id, evidence_id, from_investigator_id, to_investigator_id, from_location_id, to_location_id, transfer_reason, transfer_timestamp, confirmed) VALUES (146, 68, NULL, 35, NULL, 12, 'Initial collection and intake', '2025-12-14 12:37:48', 1);
INSERT INTO chain_of_custody (custody_id, evidence_id, from_investigator_id, to_investigator_id, from_location_id, to_location_id, transfer_reason, transfer_timestamp, confirmed) VALUES (147, 69, NULL, 15, NULL, 11, 'Initial collection and intake', '2024-11-25 20:13:48', 1);
INSERT INTO chain_of_custody (custody_id, evidence_id, from_investigator_id, to_investigator_id, from_location_id, to_location_id, transfer_reason, transfer_timestamp, confirmed) VALUES (148, 69, 15, 12, 11, 11, 'Returned to evidence locker after analysis', '2024-11-29 04:13:48', 1);
INSERT INTO chain_of_custody (custody_id, evidence_id, from_investigator_id, to_investigator_id, from_location_id, to_location_id, transfer_reason, transfer_timestamp, confirmed) VALUES (149, 70, NULL, 32, NULL, 11, 'Initial collection and intake', '2023-08-30 04:58:29', 1);
INSERT INTO chain_of_custody (custody_id, evidence_id, from_investigator_id, to_investigator_id, from_location_id, to_location_id, transfer_reason, transfer_timestamp, confirmed) VALUES (150, 71, NULL, 7, NULL, 3, 'Initial collection and intake', '2026-02-27 01:59:46', 1);
INSERT INTO chain_of_custody (custody_id, evidence_id, from_investigator_id, to_investigator_id, from_location_id, to_location_id, transfer_reason, transfer_timestamp, confirmed) VALUES (151, 71, 7, 2, 3, 9, 'Transferred to specialist for deep analysis', '2026-02-28 19:59:46', 1);
INSERT INTO chain_of_custody (custody_id, evidence_id, from_investigator_id, to_investigator_id, from_location_id, to_location_id, transfer_reason, transfer_timestamp, confirmed) VALUES (152, 71, 2, 14, 9, 1, 'Returned to evidence locker after analysis', '2026-03-10 12:59:46', 1);
INSERT INTO chain_of_custody (custody_id, evidence_id, from_investigator_id, to_investigator_id, from_location_id, to_location_id, transfer_reason, transfer_timestamp, confirmed) VALUES (153, 72, NULL, 6, NULL, 7, 'Initial collection and intake', '2026-01-31 21:06:03', 1);
INSERT INTO chain_of_custody (custody_id, evidence_id, from_investigator_id, to_investigator_id, from_location_id, to_location_id, transfer_reason, transfer_timestamp, confirmed) VALUES (154, 72, 6, 24, 7, 7, 'Moved to secure long-term storage', '2026-02-20 20:06:03', 1);
INSERT INTO chain_of_custody (custody_id, evidence_id, from_investigator_id, to_investigator_id, from_location_id, to_location_id, transfer_reason, transfer_timestamp, confirmed) VALUES (155, 72, 24, 9, 7, 8, 'Returned to evidence locker after analysis', '2026-03-09 22:06:03', 1);
INSERT INTO chain_of_custody (custody_id, evidence_id, from_investigator_id, to_investigator_id, from_location_id, to_location_id, transfer_reason, transfer_timestamp, confirmed) VALUES (156, 73, NULL, 26, NULL, 2, 'Initial collection and intake', '2024-08-30 19:03:29', 1);
INSERT INTO chain_of_custody (custody_id, evidence_id, from_investigator_id, to_investigator_id, from_location_id, to_location_id, transfer_reason, transfer_timestamp, confirmed) VALUES (157, 73, 26, 11, 2, 9, 'Moved to secure long-term storage', '2024-09-15 00:03:29', 1);
INSERT INTO chain_of_custody (custody_id, evidence_id, from_investigator_id, to_investigator_id, from_location_id, to_location_id, transfer_reason, transfer_timestamp, confirmed) VALUES (158, 73, 11, 10, 9, 12, 'Transferred to specialist for deep analysis', '2024-10-01 11:03:29', 1);
INSERT INTO chain_of_custody (custody_id, evidence_id, from_investigator_id, to_investigator_id, from_location_id, to_location_id, transfer_reason, transfer_timestamp, confirmed) VALUES (159, 74, NULL, 22, NULL, 11, 'Initial collection and intake', '2025-08-29 21:12:05', 1);
INSERT INTO chain_of_custody (custody_id, evidence_id, from_investigator_id, to_investigator_id, from_location_id, to_location_id, transfer_reason, transfer_timestamp, confirmed) VALUES (160, 74, 22, 15, 11, 1, 'Transferred to specialist for deep analysis', '2025-09-06 13:12:05', 0);
INSERT INTO chain_of_custody (custody_id, evidence_id, from_investigator_id, to_investigator_id, from_location_id, to_location_id, transfer_reason, transfer_timestamp, confirmed) VALUES (161, 75, NULL, 3, NULL, 5, 'Initial collection and intake', '2024-12-16 06:24:36', 0);
INSERT INTO chain_of_custody (custody_id, evidence_id, from_investigator_id, to_investigator_id, from_location_id, to_location_id, transfer_reason, transfer_timestamp, confirmed) VALUES (162, 75, 3, 3, 5, 1, 'Transferred to specialist for deep analysis', '2024-12-27 09:24:36', 1);
INSERT INTO chain_of_custody (custody_id, evidence_id, from_investigator_id, to_investigator_id, from_location_id, to_location_id, transfer_reason, transfer_timestamp, confirmed) VALUES (163, 76, NULL, 26, NULL, 12, 'Initial collection and intake', '2025-11-29 07:56:34', 1);
INSERT INTO chain_of_custody (custody_id, evidence_id, from_investigator_id, to_investigator_id, from_location_id, to_location_id, transfer_reason, transfer_timestamp, confirmed) VALUES (164, 76, 26, 35, 12, 10, 'Moved to secure long-term storage', '2025-12-13 03:56:34', 1);
INSERT INTO chain_of_custody (custody_id, evidence_id, from_investigator_id, to_investigator_id, from_location_id, to_location_id, transfer_reason, transfer_timestamp, confirmed) VALUES (165, 76, 35, 5, 10, 9, 'Handed off for court preparation', '2025-12-26 10:56:34', 1);
INSERT INTO chain_of_custody (custody_id, evidence_id, from_investigator_id, to_investigator_id, from_location_id, to_location_id, transfer_reason, transfer_timestamp, confirmed) VALUES (166, 77, NULL, 9, NULL, 12, 'Initial collection and intake', '2024-06-10 06:38:39', 1);
INSERT INTO chain_of_custody (custody_id, evidence_id, from_investigator_id, to_investigator_id, from_location_id, to_location_id, transfer_reason, transfer_timestamp, confirmed) VALUES (167, 77, 9, 1, 12, 9, 'Moved to secure long-term storage', '2024-06-25 11:38:39', 1);
INSERT INTO chain_of_custody (custody_id, evidence_id, from_investigator_id, to_investigator_id, from_location_id, to_location_id, transfer_reason, transfer_timestamp, confirmed) VALUES (168, 78, NULL, 2, NULL, 6, 'Initial collection and intake', '2025-01-18 18:48:28', 1);
INSERT INTO chain_of_custody (custody_id, evidence_id, from_investigator_id, to_investigator_id, from_location_id, to_location_id, transfer_reason, transfer_timestamp, confirmed) VALUES (169, 78, 2, 11, 6, 6, 'Returned to evidence locker after analysis', '2025-01-23 15:48:28', 1);
INSERT INTO chain_of_custody (custody_id, evidence_id, from_investigator_id, to_investigator_id, from_location_id, to_location_id, transfer_reason, transfer_timestamp, confirmed) VALUES (170, 78, 11, 22, 6, 12, 'Transferred for forensic analysis', '2025-02-09 12:48:28', 1);
INSERT INTO chain_of_custody (custody_id, evidence_id, from_investigator_id, to_investigator_id, from_location_id, to_location_id, transfer_reason, transfer_timestamp, confirmed) VALUES (171, 79, NULL, 25, NULL, 11, 'Initial collection and intake', '2025-06-23 09:18:49', 1);
INSERT INTO chain_of_custody (custody_id, evidence_id, from_investigator_id, to_investigator_id, from_location_id, to_location_id, transfer_reason, transfer_timestamp, confirmed) VALUES (172, 80, NULL, 25, NULL, 12, 'Initial collection and intake', '2026-04-04 03:06:20', 1);
INSERT INTO chain_of_custody (custody_id, evidence_id, from_investigator_id, to_investigator_id, from_location_id, to_location_id, transfer_reason, transfer_timestamp, confirmed) VALUES (173, 80, 25, 11, 12, 3, 'Transferred to specialist for deep analysis', '2026-04-21 04:06:20', 1);
INSERT INTO chain_of_custody (custody_id, evidence_id, from_investigator_id, to_investigator_id, from_location_id, to_location_id, transfer_reason, transfer_timestamp, confirmed) VALUES (174, 81, NULL, 12, NULL, 2, 'Initial collection and intake', '2024-03-01 18:31:11', 1);
INSERT INTO chain_of_custody (custody_id, evidence_id, from_investigator_id, to_investigator_id, from_location_id, to_location_id, transfer_reason, transfer_timestamp, confirmed) VALUES (175, 82, NULL, 19, NULL, 1, 'Initial collection and intake', '2025-06-15 22:05:49', 1);
INSERT INTO chain_of_custody (custody_id, evidence_id, from_investigator_id, to_investigator_id, from_location_id, to_location_id, transfer_reason, transfer_timestamp, confirmed) VALUES (176, 83, NULL, 20, NULL, 5, 'Initial collection and intake', '2025-08-17 12:37:17', 1);
INSERT INTO chain_of_custody (custody_id, evidence_id, from_investigator_id, to_investigator_id, from_location_id, to_location_id, transfer_reason, transfer_timestamp, confirmed) VALUES (177, 83, 20, 19, 5, 2, 'Moved to secure long-term storage', '2025-09-02 07:37:17', 0);
INSERT INTO chain_of_custody (custody_id, evidence_id, from_investigator_id, to_investigator_id, from_location_id, to_location_id, transfer_reason, transfer_timestamp, confirmed) VALUES (178, 83, 19, 31, 2, 3, 'Moved to secure long-term storage', '2025-09-17 02:37:17', 1);
INSERT INTO chain_of_custody (custody_id, evidence_id, from_investigator_id, to_investigator_id, from_location_id, to_location_id, transfer_reason, transfer_timestamp, confirmed) VALUES (179, 84, NULL, 32, NULL, 4, 'Initial collection and intake', '2025-06-25 16:03:17', 1);
INSERT INTO chain_of_custody (custody_id, evidence_id, from_investigator_id, to_investigator_id, from_location_id, to_location_id, transfer_reason, transfer_timestamp, confirmed) VALUES (180, 84, 32, 17, 4, 3, 'Transferred to specialist for deep analysis', '2025-07-07 06:03:17', 1);
INSERT INTO chain_of_custody (custody_id, evidence_id, from_investigator_id, to_investigator_id, from_location_id, to_location_id, transfer_reason, transfer_timestamp, confirmed) VALUES (181, 84, 17, 5, 3, 4, 'Transferred between departments for joint investigation', '2025-07-20 10:03:17', 1);
INSERT INTO chain_of_custody (custody_id, evidence_id, from_investigator_id, to_investigator_id, from_location_id, to_location_id, transfer_reason, transfer_timestamp, confirmed) VALUES (182, 85, NULL, 22, NULL, 8, 'Initial collection and intake', '2026-03-26 08:07:47', 1);
INSERT INTO chain_of_custody (custody_id, evidence_id, from_investigator_id, to_investigator_id, from_location_id, to_location_id, transfer_reason, transfer_timestamp, confirmed) VALUES (183, 86, NULL, 12, NULL, 6, 'Initial collection and intake', '2025-03-22 19:59:14', 1);
INSERT INTO chain_of_custody (custody_id, evidence_id, from_investigator_id, to_investigator_id, from_location_id, to_location_id, transfer_reason, transfer_timestamp, confirmed) VALUES (184, 87, NULL, 18, NULL, 7, 'Initial collection and intake', '2026-04-16 11:45:20', 1);
INSERT INTO chain_of_custody (custody_id, evidence_id, from_investigator_id, to_investigator_id, from_location_id, to_location_id, transfer_reason, transfer_timestamp, confirmed) VALUES (185, 87, 18, 35, 7, 9, 'Transferred for forensic analysis', '2026-04-20 02:45:20', 1);
INSERT INTO chain_of_custody (custody_id, evidence_id, from_investigator_id, to_investigator_id, from_location_id, to_location_id, transfer_reason, transfer_timestamp, confirmed) VALUES (186, 87, 35, 35, 9, 1, 'Transferred to specialist for deep analysis', '2026-05-04 18:45:20', 1);
INSERT INTO chain_of_custody (custody_id, evidence_id, from_investigator_id, to_investigator_id, from_location_id, to_location_id, transfer_reason, transfer_timestamp, confirmed) VALUES (187, 88, NULL, 30, NULL, 12, 'Initial collection and intake', '2024-09-08 03:48:26', 1);
INSERT INTO chain_of_custody (custody_id, evidence_id, from_investigator_id, to_investigator_id, from_location_id, to_location_id, transfer_reason, transfer_timestamp, confirmed) VALUES (188, 89, NULL, 20, NULL, 3, 'Initial collection and intake', '2026-06-24 05:37:17', 1);
INSERT INTO chain_of_custody (custody_id, evidence_id, from_investigator_id, to_investigator_id, from_location_id, to_location_id, transfer_reason, transfer_timestamp, confirmed) VALUES (189, 89, 20, 7, 3, 7, 'Moved to secure long-term storage', '2026-07-03 20:37:17', 1);
INSERT INTO chain_of_custody (custody_id, evidence_id, from_investigator_id, to_investigator_id, from_location_id, to_location_id, transfer_reason, transfer_timestamp, confirmed) VALUES (190, 90, NULL, 33, NULL, 9, 'Initial collection and intake', '2025-12-02 09:06:55', 1);
INSERT INTO chain_of_custody (custody_id, evidence_id, from_investigator_id, to_investigator_id, from_location_id, to_location_id, transfer_reason, transfer_timestamp, confirmed) VALUES (191, 91, NULL, 23, NULL, 11, 'Initial collection and intake', '2026-05-05 22:47:48', 1);
INSERT INTO chain_of_custody (custody_id, evidence_id, from_investigator_id, to_investigator_id, from_location_id, to_location_id, transfer_reason, transfer_timestamp, confirmed) VALUES (192, 91, 23, 1, 11, 10, 'Returned to evidence locker after analysis', '2026-05-10 14:47:48', 1);
INSERT INTO chain_of_custody (custody_id, evidence_id, from_investigator_id, to_investigator_id, from_location_id, to_location_id, transfer_reason, transfer_timestamp, confirmed) VALUES (193, 92, NULL, 1, NULL, 2, 'Initial collection and intake', '2024-06-16 13:02:49', 1);
INSERT INTO chain_of_custody (custody_id, evidence_id, from_investigator_id, to_investigator_id, from_location_id, to_location_id, transfer_reason, transfer_timestamp, confirmed) VALUES (194, 92, 1, 27, 2, 6, 'Transferred for forensic analysis', '2024-06-22 02:02:49', 1);
INSERT INTO chain_of_custody (custody_id, evidence_id, from_investigator_id, to_investigator_id, from_location_id, to_location_id, transfer_reason, transfer_timestamp, confirmed) VALUES (195, 92, 27, 17, 6, 5, 'Returned to evidence locker after analysis', '2024-07-06 20:02:49', 1);
INSERT INTO chain_of_custody (custody_id, evidence_id, from_investigator_id, to_investigator_id, from_location_id, to_location_id, transfer_reason, transfer_timestamp, confirmed) VALUES (196, 93, NULL, 7, NULL, 8, 'Initial collection and intake', '2024-05-10 15:01:00', 1);
INSERT INTO chain_of_custody (custody_id, evidence_id, from_investigator_id, to_investigator_id, from_location_id, to_location_id, transfer_reason, transfer_timestamp, confirmed) VALUES (197, 93, 7, 31, 8, 3, 'Handed off for court preparation', '2024-05-29 08:01:00', 1);
INSERT INTO chain_of_custody (custody_id, evidence_id, from_investigator_id, to_investigator_id, from_location_id, to_location_id, transfer_reason, transfer_timestamp, confirmed) VALUES (198, 94, NULL, 31, NULL, 6, 'Initial collection and intake', '2025-06-22 21:06:36', 1);
INSERT INTO chain_of_custody (custody_id, evidence_id, from_investigator_id, to_investigator_id, from_location_id, to_location_id, transfer_reason, transfer_timestamp, confirmed) VALUES (199, 94, 31, 26, 6, 12, 'Moved to secure long-term storage', '2025-06-27 20:06:36', 1);
INSERT INTO chain_of_custody (custody_id, evidence_id, from_investigator_id, to_investigator_id, from_location_id, to_location_id, transfer_reason, transfer_timestamp, confirmed) VALUES (200, 95, NULL, 11, NULL, 11, 'Initial collection and intake', '2025-06-21 00:38:49', 1);
INSERT INTO chain_of_custody (custody_id, evidence_id, from_investigator_id, to_investigator_id, from_location_id, to_location_id, transfer_reason, transfer_timestamp, confirmed) VALUES (201, 95, 11, 26, 11, 6, 'Returned to evidence locker after analysis', '2025-07-11 22:38:49', 1);
INSERT INTO chain_of_custody (custody_id, evidence_id, from_investigator_id, to_investigator_id, from_location_id, to_location_id, transfer_reason, transfer_timestamp, confirmed) VALUES (202, 95, 26, 4, 6, 3, 'Transferred between departments for joint investigation', '2025-07-13 00:38:49', 1);
INSERT INTO chain_of_custody (custody_id, evidence_id, from_investigator_id, to_investigator_id, from_location_id, to_location_id, transfer_reason, transfer_timestamp, confirmed) VALUES (203, 96, NULL, 26, NULL, 4, 'Initial collection and intake', '2026-02-11 09:22:48', 1);
INSERT INTO chain_of_custody (custody_id, evidence_id, from_investigator_id, to_investigator_id, from_location_id, to_location_id, transfer_reason, transfer_timestamp, confirmed) VALUES (204, 96, 26, 17, 4, 4, 'Handed off for court preparation', '2026-02-15 04:22:48', 1);
INSERT INTO chain_of_custody (custody_id, evidence_id, from_investigator_id, to_investigator_id, from_location_id, to_location_id, transfer_reason, transfer_timestamp, confirmed) VALUES (205, 97, NULL, 1, NULL, 7, 'Initial collection and intake', '2024-05-03 07:32:44', 1);
INSERT INTO chain_of_custody (custody_id, evidence_id, from_investigator_id, to_investigator_id, from_location_id, to_location_id, transfer_reason, transfer_timestamp, confirmed) VALUES (206, 97, 1, 19, 7, 12, 'Returned to evidence locker after analysis', '2024-05-05 12:32:44', 1);
INSERT INTO chain_of_custody (custody_id, evidence_id, from_investigator_id, to_investigator_id, from_location_id, to_location_id, transfer_reason, transfer_timestamp, confirmed) VALUES (207, 98, NULL, 13, NULL, 6, 'Initial collection and intake', '2026-01-02 11:19:15', 1);
INSERT INTO chain_of_custody (custody_id, evidence_id, from_investigator_id, to_investigator_id, from_location_id, to_location_id, transfer_reason, transfer_timestamp, confirmed) VALUES (208, 98, 13, 34, 6, 5, 'Moved to secure long-term storage', '2026-01-05 06:19:15', 1);
INSERT INTO chain_of_custody (custody_id, evidence_id, from_investigator_id, to_investigator_id, from_location_id, to_location_id, transfer_reason, transfer_timestamp, confirmed) VALUES (209, 99, NULL, 23, NULL, 6, 'Initial collection and intake', '2026-04-14 04:10:49', 1);
INSERT INTO chain_of_custody (custody_id, evidence_id, from_investigator_id, to_investigator_id, from_location_id, to_location_id, transfer_reason, transfer_timestamp, confirmed) VALUES (210, 99, 23, 3, 6, 6, 'Moved to secure long-term storage', '2026-04-15 09:10:49', 1);
INSERT INTO chain_of_custody (custody_id, evidence_id, from_investigator_id, to_investigator_id, from_location_id, to_location_id, transfer_reason, transfer_timestamp, confirmed) VALUES (211, 99, 3, 18, 6, 7, 'Handed off for court preparation', '2026-04-28 21:10:49', 1);
INSERT INTO chain_of_custody (custody_id, evidence_id, from_investigator_id, to_investigator_id, from_location_id, to_location_id, transfer_reason, transfer_timestamp, confirmed) VALUES (212, 100, NULL, 9, NULL, 11, 'Initial collection and intake', '2023-11-03 17:02:34', 1);
INSERT INTO chain_of_custody (custody_id, evidence_id, from_investigator_id, to_investigator_id, from_location_id, to_location_id, transfer_reason, transfer_timestamp, confirmed) VALUES (213, 100, 9, 6, 11, 9, 'Handed off for court preparation', '2023-11-22 11:02:34', 1);
INSERT INTO chain_of_custody (custody_id, evidence_id, from_investigator_id, to_investigator_id, from_location_id, to_location_id, transfer_reason, transfer_timestamp, confirmed) VALUES (214, 100, 6, 18, 9, 4, 'Returned to evidence locker after analysis', '2023-11-30 01:02:34', 0);
INSERT INTO chain_of_custody (custody_id, evidence_id, from_investigator_id, to_investigator_id, from_location_id, to_location_id, transfer_reason, transfer_timestamp, confirmed) VALUES (215, 101, NULL, 9, NULL, 10, 'Initial collection and intake', '2025-06-30 16:11:25', 1);
INSERT INTO chain_of_custody (custody_id, evidence_id, from_investigator_id, to_investigator_id, from_location_id, to_location_id, transfer_reason, transfer_timestamp, confirmed) VALUES (216, 101, 9, 33, 10, 2, 'Returned to evidence locker after analysis', '2025-07-04 08:11:25', 1);
INSERT INTO chain_of_custody (custody_id, evidence_id, from_investigator_id, to_investigator_id, from_location_id, to_location_id, transfer_reason, transfer_timestamp, confirmed) VALUES (217, 101, 33, 8, 2, 9, 'Handed off for court preparation', '2025-07-23 02:11:25', 1);
INSERT INTO chain_of_custody (custody_id, evidence_id, from_investigator_id, to_investigator_id, from_location_id, to_location_id, transfer_reason, transfer_timestamp, confirmed) VALUES (218, 102, NULL, 19, NULL, 8, 'Initial collection and intake', '2026-03-31 19:14:37', 1);
INSERT INTO chain_of_custody (custody_id, evidence_id, from_investigator_id, to_investigator_id, from_location_id, to_location_id, transfer_reason, transfer_timestamp, confirmed) VALUES (219, 102, 19, 16, 8, 6, 'Transferred between departments for joint investigation', '2026-04-16 13:14:37', 1);
INSERT INTO chain_of_custody (custody_id, evidence_id, from_investigator_id, to_investigator_id, from_location_id, to_location_id, transfer_reason, transfer_timestamp, confirmed) VALUES (220, 103, NULL, 32, NULL, 7, 'Initial collection and intake', '2026-06-12 13:30:17', 1);
INSERT INTO chain_of_custody (custody_id, evidence_id, from_investigator_id, to_investigator_id, from_location_id, to_location_id, transfer_reason, transfer_timestamp, confirmed) VALUES (221, 103, 32, 15, 7, 11, 'Transferred to specialist for deep analysis', '2026-06-20 23:30:17', 1);
INSERT INTO chain_of_custody (custody_id, evidence_id, from_investigator_id, to_investigator_id, from_location_id, to_location_id, transfer_reason, transfer_timestamp, confirmed) VALUES (222, 104, NULL, 15, NULL, 5, 'Initial collection and intake', '2025-11-26 00:38:19', 1);
INSERT INTO chain_of_custody (custody_id, evidence_id, from_investigator_id, to_investigator_id, from_location_id, to_location_id, transfer_reason, transfer_timestamp, confirmed) VALUES (223, 104, 15, 17, 5, 4, 'Handed off for court preparation', '2025-11-29 12:38:19', 1);
INSERT INTO chain_of_custody (custody_id, evidence_id, from_investigator_id, to_investigator_id, from_location_id, to_location_id, transfer_reason, transfer_timestamp, confirmed) VALUES (224, 105, NULL, 3, NULL, 9, 'Initial collection and intake', '2026-05-26 08:38:50', 0);
INSERT INTO chain_of_custody (custody_id, evidence_id, from_investigator_id, to_investigator_id, from_location_id, to_location_id, transfer_reason, transfer_timestamp, confirmed) VALUES (225, 105, 3, 31, 9, 6, 'Handed off for court preparation', '2026-06-03 02:38:50', 1);
INSERT INTO chain_of_custody (custody_id, evidence_id, from_investigator_id, to_investigator_id, from_location_id, to_location_id, transfer_reason, transfer_timestamp, confirmed) VALUES (226, 106, NULL, 6, NULL, 6, 'Initial collection and intake', '2024-06-11 00:59:21', 1);
INSERT INTO chain_of_custody (custody_id, evidence_id, from_investigator_id, to_investigator_id, from_location_id, to_location_id, transfer_reason, transfer_timestamp, confirmed) VALUES (227, 106, 6, 16, 6, 12, 'Moved to secure long-term storage', '2024-06-20 06:59:21', 1);
INSERT INTO chain_of_custody (custody_id, evidence_id, from_investigator_id, to_investigator_id, from_location_id, to_location_id, transfer_reason, transfer_timestamp, confirmed) VALUES (228, 106, 16, 16, 12, 10, 'Handed off for court preparation', '2024-06-25 09:59:21', 1);
INSERT INTO chain_of_custody (custody_id, evidence_id, from_investigator_id, to_investigator_id, from_location_id, to_location_id, transfer_reason, transfer_timestamp, confirmed) VALUES (229, 107, NULL, 9, NULL, 3, 'Initial collection and intake', '2024-05-01 08:01:13', 1);
INSERT INTO chain_of_custody (custody_id, evidence_id, from_investigator_id, to_investigator_id, from_location_id, to_location_id, transfer_reason, transfer_timestamp, confirmed) VALUES (230, 108, NULL, 19, NULL, 6, 'Initial collection and intake', '2026-05-02 10:56:34', 1);
INSERT INTO chain_of_custody (custody_id, evidence_id, from_investigator_id, to_investigator_id, from_location_id, to_location_id, transfer_reason, transfer_timestamp, confirmed) VALUES (231, 108, 19, 21, 6, 8, 'Returned to evidence locker after analysis', '2026-05-12 01:56:34', 1);
INSERT INTO chain_of_custody (custody_id, evidence_id, from_investigator_id, to_investigator_id, from_location_id, to_location_id, transfer_reason, transfer_timestamp, confirmed) VALUES (232, 108, 21, 33, 8, 5, 'Transferred between departments for joint investigation', '2026-05-20 19:56:34', 1);
INSERT INTO chain_of_custody (custody_id, evidence_id, from_investigator_id, to_investigator_id, from_location_id, to_location_id, transfer_reason, transfer_timestamp, confirmed) VALUES (233, 109, NULL, 21, NULL, 12, 'Initial collection and intake', '2026-07-16 01:05:09', 0);
INSERT INTO chain_of_custody (custody_id, evidence_id, from_investigator_id, to_investigator_id, from_location_id, to_location_id, transfer_reason, transfer_timestamp, confirmed) VALUES (234, 109, 21, 3, 12, 9, 'Handed off for court preparation', '2026-07-29 22:05:09', 1);
INSERT INTO chain_of_custody (custody_id, evidence_id, from_investigator_id, to_investigator_id, from_location_id, to_location_id, transfer_reason, transfer_timestamp, confirmed) VALUES (235, 109, 3, 30, 9, 2, 'Transferred to specialist for deep analysis', '2026-08-16 12:05:09', 1);
INSERT INTO chain_of_custody (custody_id, evidence_id, from_investigator_id, to_investigator_id, from_location_id, to_location_id, transfer_reason, transfer_timestamp, confirmed) VALUES (236, 110, NULL, 5, NULL, 8, 'Initial collection and intake', '2026-05-04 06:27:59', 1);
INSERT INTO chain_of_custody (custody_id, evidence_id, from_investigator_id, to_investigator_id, from_location_id, to_location_id, transfer_reason, transfer_timestamp, confirmed) VALUES (237, 111, NULL, 6, NULL, 12, 'Initial collection and intake', '2025-08-09 20:23:38', 1);
INSERT INTO chain_of_custody (custody_id, evidence_id, from_investigator_id, to_investigator_id, from_location_id, to_location_id, transfer_reason, transfer_timestamp, confirmed) VALUES (238, 111, 6, 17, 12, 3, 'Returned to evidence locker after analysis', '2025-08-19 03:23:38', 1);
INSERT INTO chain_of_custody (custody_id, evidence_id, from_investigator_id, to_investigator_id, from_location_id, to_location_id, transfer_reason, transfer_timestamp, confirmed) VALUES (239, 111, 17, 22, 3, 6, 'Moved to secure long-term storage', '2025-09-04 16:23:38', 1);
INSERT INTO chain_of_custody (custody_id, evidence_id, from_investigator_id, to_investigator_id, from_location_id, to_location_id, transfer_reason, transfer_timestamp, confirmed) VALUES (240, 112, NULL, 21, NULL, 5, 'Initial collection and intake', '2025-08-16 12:39:13', 1);
INSERT INTO chain_of_custody (custody_id, evidence_id, from_investigator_id, to_investigator_id, from_location_id, to_location_id, transfer_reason, transfer_timestamp, confirmed) VALUES (241, 112, 21, 18, 5, 8, 'Moved to secure long-term storage', '2025-09-04 16:39:13', 0);
INSERT INTO chain_of_custody (custody_id, evidence_id, from_investigator_id, to_investigator_id, from_location_id, to_location_id, transfer_reason, transfer_timestamp, confirmed) VALUES (242, 112, 18, 15, 8, 2, 'Transferred to specialist for deep analysis', '2025-09-13 23:39:13', 1);
INSERT INTO chain_of_custody (custody_id, evidence_id, from_investigator_id, to_investigator_id, from_location_id, to_location_id, transfer_reason, transfer_timestamp, confirmed) VALUES (243, 113, NULL, 30, NULL, 2, 'Initial collection and intake', '2025-10-09 19:03:26', 1);
INSERT INTO chain_of_custody (custody_id, evidence_id, from_investigator_id, to_investigator_id, from_location_id, to_location_id, transfer_reason, transfer_timestamp, confirmed) VALUES (244, 113, 30, 10, 2, 8, 'Transferred for forensic analysis', '2025-10-16 08:03:26', 1);
INSERT INTO chain_of_custody (custody_id, evidence_id, from_investigator_id, to_investigator_id, from_location_id, to_location_id, transfer_reason, transfer_timestamp, confirmed) VALUES (245, 114, NULL, 18, NULL, 3, 'Initial collection and intake', '2025-10-16 01:12:54', 1);
INSERT INTO chain_of_custody (custody_id, evidence_id, from_investigator_id, to_investigator_id, from_location_id, to_location_id, transfer_reason, transfer_timestamp, confirmed) VALUES (246, 114, 18, 32, 3, 5, 'Handed off for court preparation', '2025-11-03 19:12:54', 1);
INSERT INTO chain_of_custody (custody_id, evidence_id, from_investigator_id, to_investigator_id, from_location_id, to_location_id, transfer_reason, transfer_timestamp, confirmed) VALUES (247, 114, 32, 7, 5, 12, 'Moved to secure long-term storage', '2025-11-06 01:12:54', 1);
INSERT INTO chain_of_custody (custody_id, evidence_id, from_investigator_id, to_investigator_id, from_location_id, to_location_id, transfer_reason, transfer_timestamp, confirmed) VALUES (248, 115, NULL, 20, NULL, 7, 'Initial collection and intake', '2025-05-02 07:26:40', 1);
INSERT INTO chain_of_custody (custody_id, evidence_id, from_investigator_id, to_investigator_id, from_location_id, to_location_id, transfer_reason, transfer_timestamp, confirmed) VALUES (249, 115, 20, 17, 7, 6, 'Handed off for court preparation', '2025-05-21 00:26:40', 0);
INSERT INTO chain_of_custody (custody_id, evidence_id, from_investigator_id, to_investigator_id, from_location_id, to_location_id, transfer_reason, transfer_timestamp, confirmed) VALUES (250, 116, NULL, 9, NULL, 2, 'Initial collection and intake', '2024-04-06 20:35:39', 1);
INSERT INTO chain_of_custody (custody_id, evidence_id, from_investigator_id, to_investigator_id, from_location_id, to_location_id, transfer_reason, transfer_timestamp, confirmed) VALUES (251, 116, 9, 23, 2, 11, 'Returned to evidence locker after analysis', '2024-04-14 14:35:39', 1);
INSERT INTO chain_of_custody (custody_id, evidence_id, from_investigator_id, to_investigator_id, from_location_id, to_location_id, transfer_reason, transfer_timestamp, confirmed) VALUES (252, 117, NULL, 5, NULL, 8, 'Initial collection and intake', '2026-03-05 13:03:43', 0);
INSERT INTO chain_of_custody (custody_id, evidence_id, from_investigator_id, to_investigator_id, from_location_id, to_location_id, transfer_reason, transfer_timestamp, confirmed) VALUES (253, 117, 5, 19, 8, 6, 'Handed off for court preparation', '2026-03-23 04:03:43', 1);
INSERT INTO chain_of_custody (custody_id, evidence_id, from_investigator_id, to_investigator_id, from_location_id, to_location_id, transfer_reason, transfer_timestamp, confirmed) VALUES (254, 117, 19, 29, 6, 2, 'Transferred between departments for joint investigation', '2026-04-12 13:03:43', 1);
INSERT INTO chain_of_custody (custody_id, evidence_id, from_investigator_id, to_investigator_id, from_location_id, to_location_id, transfer_reason, transfer_timestamp, confirmed) VALUES (255, 118, NULL, 10, NULL, 3, 'Initial collection and intake', '2025-10-10 05:10:30', 1);
INSERT INTO chain_of_custody (custody_id, evidence_id, from_investigator_id, to_investigator_id, from_location_id, to_location_id, transfer_reason, transfer_timestamp, confirmed) VALUES (256, 119, NULL, 29, NULL, 7, 'Initial collection and intake', '2025-12-30 16:12:04', 1);
INSERT INTO chain_of_custody (custody_id, evidence_id, from_investigator_id, to_investigator_id, from_location_id, to_location_id, transfer_reason, transfer_timestamp, confirmed) VALUES (257, 119, 29, 26, 7, 2, 'Transferred for forensic analysis', '2026-01-06 02:12:04', 1);
INSERT INTO chain_of_custody (custody_id, evidence_id, from_investigator_id, to_investigator_id, from_location_id, to_location_id, transfer_reason, transfer_timestamp, confirmed) VALUES (258, 120, NULL, 16, NULL, 3, 'Initial collection and intake', '2025-03-24 02:03:39', 1);
INSERT INTO chain_of_custody (custody_id, evidence_id, from_investigator_id, to_investigator_id, from_location_id, to_location_id, transfer_reason, transfer_timestamp, confirmed) VALUES (259, 120, 16, 26, 3, 5, 'Transferred between departments for joint investigation', '2025-04-06 01:03:39', 1);

-- ----------------------------------------------------------------------------
-- 16b. Reconcile evidence current_location_id with final chain_of_custody entry
-- ----------------------------------------------------------------------------
UPDATE digital_evidence SET current_location_id = 12 WHERE evidence_id = 1;
UPDATE digital_evidence SET current_location_id = 2 WHERE evidence_id = 2;
UPDATE digital_evidence SET current_location_id = 11 WHERE evidence_id = 4;
UPDATE digital_evidence SET current_location_id = 1 WHERE evidence_id = 7;
UPDATE digital_evidence SET current_location_id = 10 WHERE evidence_id = 9;
UPDATE digital_evidence SET current_location_id = 6 WHERE evidence_id = 10;
UPDATE digital_evidence SET current_location_id = 1 WHERE evidence_id = 11;
UPDATE digital_evidence SET current_location_id = 5 WHERE evidence_id = 17;
UPDATE digital_evidence SET current_location_id = 5 WHERE evidence_id = 19;
UPDATE digital_evidence SET current_location_id = 10 WHERE evidence_id = 21;
UPDATE digital_evidence SET current_location_id = 7 WHERE evidence_id = 23;
UPDATE digital_evidence SET current_location_id = 10 WHERE evidence_id = 24;
UPDATE digital_evidence SET current_location_id = 12 WHERE evidence_id = 26;
UPDATE digital_evidence SET current_location_id = 3 WHERE evidence_id = 27;
UPDATE digital_evidence SET current_location_id = 7 WHERE evidence_id = 31;
UPDATE digital_evidence SET current_location_id = 1 WHERE evidence_id = 34;
UPDATE digital_evidence SET current_location_id = 1 WHERE evidence_id = 35;
UPDATE digital_evidence SET current_location_id = 12 WHERE evidence_id = 36;
UPDATE digital_evidence SET current_location_id = 1 WHERE evidence_id = 37;
UPDATE digital_evidence SET current_location_id = 7 WHERE evidence_id = 38;
UPDATE digital_evidence SET current_location_id = 3 WHERE evidence_id = 39;
UPDATE digital_evidence SET current_location_id = 10 WHERE evidence_id = 40;
UPDATE digital_evidence SET current_location_id = 7 WHERE evidence_id = 46;
UPDATE digital_evidence SET current_location_id = 3 WHERE evidence_id = 48;
UPDATE digital_evidence SET current_location_id = 3 WHERE evidence_id = 50;
UPDATE digital_evidence SET current_location_id = 6 WHERE evidence_id = 51;
UPDATE digital_evidence SET current_location_id = 11 WHERE evidence_id = 52;
UPDATE digital_evidence SET current_location_id = 4 WHERE evidence_id = 54;
UPDATE digital_evidence SET current_location_id = 5 WHERE evidence_id = 56;
UPDATE digital_evidence SET current_location_id = 7 WHERE evidence_id = 57;
UPDATE digital_evidence SET current_location_id = 9 WHERE evidence_id = 58;
UPDATE digital_evidence SET current_location_id = 5 WHERE evidence_id = 60;
UPDATE digital_evidence SET current_location_id = 4 WHERE evidence_id = 61;
UPDATE digital_evidence SET current_location_id = 6 WHERE evidence_id = 64;
UPDATE digital_evidence SET current_location_id = 12 WHERE evidence_id = 67;
UPDATE digital_evidence SET current_location_id = 1 WHERE evidence_id = 71;
UPDATE digital_evidence SET current_location_id = 8 WHERE evidence_id = 72;
UPDATE digital_evidence SET current_location_id = 12 WHERE evidence_id = 73;
UPDATE digital_evidence SET current_location_id = 1 WHERE evidence_id = 74;
UPDATE digital_evidence SET current_location_id = 1 WHERE evidence_id = 75;
UPDATE digital_evidence SET current_location_id = 9 WHERE evidence_id = 76;
UPDATE digital_evidence SET current_location_id = 9 WHERE evidence_id = 77;
UPDATE digital_evidence SET current_location_id = 12 WHERE evidence_id = 78;
UPDATE digital_evidence SET current_location_id = 3 WHERE evidence_id = 80;
UPDATE digital_evidence SET current_location_id = 3 WHERE evidence_id = 83;
UPDATE digital_evidence SET current_location_id = 1 WHERE evidence_id = 87;
UPDATE digital_evidence SET current_location_id = 7 WHERE evidence_id = 89;
UPDATE digital_evidence SET current_location_id = 10 WHERE evidence_id = 91;
UPDATE digital_evidence SET current_location_id = 5 WHERE evidence_id = 92;
UPDATE digital_evidence SET current_location_id = 3 WHERE evidence_id = 93;
UPDATE digital_evidence SET current_location_id = 12 WHERE evidence_id = 94;
UPDATE digital_evidence SET current_location_id = 3 WHERE evidence_id = 95;
UPDATE digital_evidence SET current_location_id = 12 WHERE evidence_id = 97;
UPDATE digital_evidence SET current_location_id = 5 WHERE evidence_id = 98;
UPDATE digital_evidence SET current_location_id = 7 WHERE evidence_id = 99;
UPDATE digital_evidence SET current_location_id = 4 WHERE evidence_id = 100;
UPDATE digital_evidence SET current_location_id = 9 WHERE evidence_id = 101;
UPDATE digital_evidence SET current_location_id = 6 WHERE evidence_id = 102;
UPDATE digital_evidence SET current_location_id = 11 WHERE evidence_id = 103;
UPDATE digital_evidence SET current_location_id = 4 WHERE evidence_id = 104;
UPDATE digital_evidence SET current_location_id = 6 WHERE evidence_id = 105;
UPDATE digital_evidence SET current_location_id = 10 WHERE evidence_id = 106;
UPDATE digital_evidence SET current_location_id = 5 WHERE evidence_id = 108;
UPDATE digital_evidence SET current_location_id = 2 WHERE evidence_id = 109;
UPDATE digital_evidence SET current_location_id = 6 WHERE evidence_id = 111;
UPDATE digital_evidence SET current_location_id = 2 WHERE evidence_id = 112;
UPDATE digital_evidence SET current_location_id = 8 WHERE evidence_id = 113;
UPDATE digital_evidence SET current_location_id = 12 WHERE evidence_id = 114;
UPDATE digital_evidence SET current_location_id = 6 WHERE evidence_id = 115;
UPDATE digital_evidence SET current_location_id = 11 WHERE evidence_id = 116;
UPDATE digital_evidence SET current_location_id = 2 WHERE evidence_id = 117;
UPDATE digital_evidence SET current_location_id = 2 WHERE evidence_id = 119;
UPDATE digital_evidence SET current_location_id = 5 WHERE evidence_id = 120;

-- ----------------------------------------------------------------------------
-- 17. evidence_access_logs
-- ----------------------------------------------------------------------------
INSERT INTO evidence_access_logs (access_id, evidence_id, user_id, access_type, access_timestamp, ip_address) VALUES (1, 58, 27, 'view', '2026-04-15 16:58:18', '10.11.64.187');
INSERT INTO evidence_access_logs (access_id, evidence_id, user_id, access_type, access_timestamp, ip_address) VALUES (2, 31, 43, 'view', '2025-11-11 02:15:26', '10.107.85.102');
INSERT INTO evidence_access_logs (access_id, evidence_id, user_id, access_type, access_timestamp, ip_address) VALUES (3, 14, 7, 'view', '2025-12-10 12:49:21', '10.27.13.198');
INSERT INTO evidence_access_logs (access_id, evidence_id, user_id, access_type, access_timestamp, ip_address) VALUES (4, 51, 34, 'view', '2025-06-12 17:21:57', '10.134.79.22');
INSERT INTO evidence_access_logs (access_id, evidence_id, user_id, access_type, access_timestamp, ip_address) VALUES (5, 84, 25, 'view', '2025-09-15 01:45:08', '10.126.145.114');
INSERT INTO evidence_access_logs (access_id, evidence_id, user_id, access_type, access_timestamp, ip_address) VALUES (6, 81, 9, 'view', '2026-05-26 06:22:39', '10.87.14.9');
INSERT INTO evidence_access_logs (access_id, evidence_id, user_id, access_type, access_timestamp, ip_address) VALUES (7, 85, 23, 'view', '2026-06-08 11:02:30', '10.239.139.141');
INSERT INTO evidence_access_logs (access_id, evidence_id, user_id, access_type, access_timestamp, ip_address) VALUES (8, 57, 9, 'export', '2025-05-21 12:12:07', '10.233.222.135');
INSERT INTO evidence_access_logs (access_id, evidence_id, user_id, access_type, access_timestamp, ip_address) VALUES (9, 82, 41, 'export', '2026-01-24 12:30:19', '10.177.246.139');
INSERT INTO evidence_access_logs (access_id, evidence_id, user_id, access_type, access_timestamp, ip_address) VALUES (10, 30, 6, 'download', '2026-05-15 21:23:05', '10.187.211.67');
INSERT INTO evidence_access_logs (access_id, evidence_id, user_id, access_type, access_timestamp, ip_address) VALUES (11, 20, 20, 'view', '2025-11-07 00:51:38', '10.69.176.74');
INSERT INTO evidence_access_logs (access_id, evidence_id, user_id, access_type, access_timestamp, ip_address) VALUES (12, 61, 35, 'view', '2026-05-17 02:28:50', '10.251.244.77');
INSERT INTO evidence_access_logs (access_id, evidence_id, user_id, access_type, access_timestamp, ip_address) VALUES (13, 2, 28, 'view', '2026-07-05 11:46:47', '10.118.3.141');
INSERT INTO evidence_access_logs (access_id, evidence_id, user_id, access_type, access_timestamp, ip_address) VALUES (14, 48, 13, 'download', '2026-06-29 15:35:11', '10.223.202.64');
INSERT INTO evidence_access_logs (access_id, evidence_id, user_id, access_type, access_timestamp, ip_address) VALUES (15, 21, 42, 'download', '2024-11-29 18:12:39', '10.112.134.21');
INSERT INTO evidence_access_logs (access_id, evidence_id, user_id, access_type, access_timestamp, ip_address) VALUES (16, 55, 41, 'view', '2025-11-07 12:37:08', '10.139.145.167');
INSERT INTO evidence_access_logs (access_id, evidence_id, user_id, access_type, access_timestamp, ip_address) VALUES (17, 96, 35, 'view', '2026-04-11 04:16:17', '10.96.35.47');
INSERT INTO evidence_access_logs (access_id, evidence_id, user_id, access_type, access_timestamp, ip_address) VALUES (18, 18, 19, 'view', '2026-04-10 08:16:13', '10.233.231.70');
INSERT INTO evidence_access_logs (access_id, evidence_id, user_id, access_type, access_timestamp, ip_address) VALUES (19, 90, 40, 'download', '2026-02-01 22:19:28', '10.164.9.39');
INSERT INTO evidence_access_logs (access_id, evidence_id, user_id, access_type, access_timestamp, ip_address) VALUES (20, 7, 35, 'view', '2026-01-29 02:31:55', '10.52.144.69');
INSERT INTO evidence_access_logs (access_id, evidence_id, user_id, access_type, access_timestamp, ip_address) VALUES (21, 17, 29, 'view', '2026-02-27 04:58:32', '10.46.77.4');
INSERT INTO evidence_access_logs (access_id, evidence_id, user_id, access_type, access_timestamp, ip_address) VALUES (22, 64, 14, 'view', '2026-06-08 19:14:14', '10.159.255.96');
INSERT INTO evidence_access_logs (access_id, evidence_id, user_id, access_type, access_timestamp, ip_address) VALUES (23, 60, 45, 'view', '2026-06-25 00:23:01', '10.41.74.15');
INSERT INTO evidence_access_logs (access_id, evidence_id, user_id, access_type, access_timestamp, ip_address) VALUES (24, 35, 26, 'view', '2026-05-10 08:20:32', '10.92.98.230');
INSERT INTO evidence_access_logs (access_id, evidence_id, user_id, access_type, access_timestamp, ip_address) VALUES (25, 108, 17, 'download', '2026-04-30 05:23:46', '10.62.127.99');
INSERT INTO evidence_access_logs (access_id, evidence_id, user_id, access_type, access_timestamp, ip_address) VALUES (26, 99, 29, 'view', '2026-06-15 14:46:36', '10.17.101.118');
INSERT INTO evidence_access_logs (access_id, evidence_id, user_id, access_type, access_timestamp, ip_address) VALUES (27, 95, 7, 'export', '2026-02-27 15:38:36', '10.106.242.100');
INSERT INTO evidence_access_logs (access_id, evidence_id, user_id, access_type, access_timestamp, ip_address) VALUES (28, 88, 20, 'view', '2024-12-22 04:43:53', '10.21.62.65');
INSERT INTO evidence_access_logs (access_id, evidence_id, user_id, access_type, access_timestamp, ip_address) VALUES (29, 62, 41, 'view', '2024-12-05 08:28:37', '10.184.26.222');
INSERT INTO evidence_access_logs (access_id, evidence_id, user_id, access_type, access_timestamp, ip_address) VALUES (30, 86, 14, 'view', '2025-09-01 06:43:19', '10.222.166.4');
INSERT INTO evidence_access_logs (access_id, evidence_id, user_id, access_type, access_timestamp, ip_address) VALUES (31, 22, 18, 'export', '2026-04-12 14:48:13', '10.202.124.3');
INSERT INTO evidence_access_logs (access_id, evidence_id, user_id, access_type, access_timestamp, ip_address) VALUES (32, 6, 38, 'download', '2026-06-21 13:06:04', '10.79.190.198');
INSERT INTO evidence_access_logs (access_id, evidence_id, user_id, access_type, access_timestamp, ip_address) VALUES (33, 12, 16, 'view', '2026-06-08 01:47:32', '10.46.173.239');
INSERT INTO evidence_access_logs (access_id, evidence_id, user_id, access_type, access_timestamp, ip_address) VALUES (34, 98, 41, 'view', '2026-01-12 14:34:20', '10.182.78.180');
INSERT INTO evidence_access_logs (access_id, evidence_id, user_id, access_type, access_timestamp, ip_address) VALUES (35, 69, 7, 'view', '2025-11-28 22:03:01', '10.119.162.252');
INSERT INTO evidence_access_logs (access_id, evidence_id, user_id, access_type, access_timestamp, ip_address) VALUES (36, 72, 42, 'view', '2026-06-20 10:01:13', '10.224.98.6');
INSERT INTO evidence_access_logs (access_id, evidence_id, user_id, access_type, access_timestamp, ip_address) VALUES (37, 89, 25, 'view', '2026-06-16 12:58:27', '10.128.20.125');
INSERT INTO evidence_access_logs (access_id, evidence_id, user_id, access_type, access_timestamp, ip_address) VALUES (38, 91, 29, 'export', '2026-05-24 14:44:05', '10.250.97.146');
INSERT INTO evidence_access_logs (access_id, evidence_id, user_id, access_type, access_timestamp, ip_address) VALUES (39, 24, 35, 'view', '2025-12-20 09:50:55', '10.239.140.223');
INSERT INTO evidence_access_logs (access_id, evidence_id, user_id, access_type, access_timestamp, ip_address) VALUES (40, 107, 39, 'export', '2024-12-19 02:02:08', '10.35.79.116');
INSERT INTO evidence_access_logs (access_id, evidence_id, user_id, access_type, access_timestamp, ip_address) VALUES (41, 38, 17, 'export', '2026-04-26 06:52:09', '10.232.0.199');
INSERT INTO evidence_access_logs (access_id, evidence_id, user_id, access_type, access_timestamp, ip_address) VALUES (42, 82, 33, 'download', '2025-10-20 02:36:35', '10.9.186.199');
INSERT INTO evidence_access_logs (access_id, evidence_id, user_id, access_type, access_timestamp, ip_address) VALUES (43, 80, 16, 'view', '2026-06-11 00:03:36', '10.32.198.49');
INSERT INTO evidence_access_logs (access_id, evidence_id, user_id, access_type, access_timestamp, ip_address) VALUES (44, 68, 44, 'download', '2026-07-04 04:03:09', '10.78.144.83');
INSERT INTO evidence_access_logs (access_id, evidence_id, user_id, access_type, access_timestamp, ip_address) VALUES (45, 53, 42, 'view', '2026-03-06 10:48:00', '10.49.34.12');
INSERT INTO evidence_access_logs (access_id, evidence_id, user_id, access_type, access_timestamp, ip_address) VALUES (46, 107, 9, 'view', '2024-06-01 13:58:12', '10.103.54.125');
INSERT INTO evidence_access_logs (access_id, evidence_id, user_id, access_type, access_timestamp, ip_address) VALUES (47, 25, 7, 'view', '2026-06-29 20:45:01', '10.250.131.13');
INSERT INTO evidence_access_logs (access_id, evidence_id, user_id, access_type, access_timestamp, ip_address) VALUES (48, 47, 15, 'export', '2026-07-03 18:48:07', '10.36.6.239');
INSERT INTO evidence_access_logs (access_id, evidence_id, user_id, access_type, access_timestamp, ip_address) VALUES (49, 118, 14, 'download', '2025-11-03 01:15:05', '10.239.31.93');
INSERT INTO evidence_access_logs (access_id, evidence_id, user_id, access_type, access_timestamp, ip_address) VALUES (50, 72, 27, 'view', '2026-06-18 05:28:16', '10.29.136.136');
INSERT INTO evidence_access_logs (access_id, evidence_id, user_id, access_type, access_timestamp, ip_address) VALUES (51, 6, 5, 'view', '2025-12-02 06:24:37', '10.110.49.26');
INSERT INTO evidence_access_logs (access_id, evidence_id, user_id, access_type, access_timestamp, ip_address) VALUES (52, 93, 15, 'export', '2025-12-16 14:11:03', '10.97.98.135');
INSERT INTO evidence_access_logs (access_id, evidence_id, user_id, access_type, access_timestamp, ip_address) VALUES (53, 85, 16, 'export', '2026-04-11 17:43:28', '10.212.54.197');
INSERT INTO evidence_access_logs (access_id, evidence_id, user_id, access_type, access_timestamp, ip_address) VALUES (54, 82, 37, 'view', '2026-05-20 07:10:17', '10.218.53.43');
INSERT INTO evidence_access_logs (access_id, evidence_id, user_id, access_type, access_timestamp, ip_address) VALUES (55, 102, 12, 'export', '2026-06-03 23:23:31', '10.172.80.137');
INSERT INTO evidence_access_logs (access_id, evidence_id, user_id, access_type, access_timestamp, ip_address) VALUES (56, 77, 29, 'view', '2026-04-28 23:32:21', '10.161.166.217');
INSERT INTO evidence_access_logs (access_id, evidence_id, user_id, access_type, access_timestamp, ip_address) VALUES (57, 48, 27, 'download', '2026-06-24 05:04:50', '10.165.123.145');
INSERT INTO evidence_access_logs (access_id, evidence_id, user_id, access_type, access_timestamp, ip_address) VALUES (58, 70, 14, 'download', '2025-12-12 18:23:08', '10.130.184.247');
INSERT INTO evidence_access_logs (access_id, evidence_id, user_id, access_type, access_timestamp, ip_address) VALUES (59, 58, 29, 'download', '2026-03-11 00:54:42', '10.17.145.153');
INSERT INTO evidence_access_logs (access_id, evidence_id, user_id, access_type, access_timestamp, ip_address) VALUES (60, 3, 34, 'view', '2024-11-23 21:28:21', '10.3.153.253');
INSERT INTO evidence_access_logs (access_id, evidence_id, user_id, access_type, access_timestamp, ip_address) VALUES (61, 29, 14, 'view', '2026-06-22 12:38:31', '10.141.79.25');
INSERT INTO evidence_access_logs (access_id, evidence_id, user_id, access_type, access_timestamp, ip_address) VALUES (62, 5, 30, 'view', '2025-08-09 06:02:50', '10.70.135.94');
INSERT INTO evidence_access_logs (access_id, evidence_id, user_id, access_type, access_timestamp, ip_address) VALUES (63, 114, 38, 'view', '2025-12-27 11:39:46', '10.131.153.24');
INSERT INTO evidence_access_logs (access_id, evidence_id, user_id, access_type, access_timestamp, ip_address) VALUES (64, 74, 26, 'export', '2025-11-13 10:39:44', '10.39.166.203');
INSERT INTO evidence_access_logs (access_id, evidence_id, user_id, access_type, access_timestamp, ip_address) VALUES (65, 62, 12, 'download', '2026-04-06 08:15:40', '10.48.153.10');
INSERT INTO evidence_access_logs (access_id, evidence_id, user_id, access_type, access_timestamp, ip_address) VALUES (66, 94, 37, 'download', '2025-08-02 22:55:28', '10.28.171.90');
INSERT INTO evidence_access_logs (access_id, evidence_id, user_id, access_type, access_timestamp, ip_address) VALUES (67, 113, 28, 'download', '2025-11-17 19:31:08', '10.116.5.163');
INSERT INTO evidence_access_logs (access_id, evidence_id, user_id, access_type, access_timestamp, ip_address) VALUES (68, 100, 41, 'download', '2024-01-24 02:02:10', '10.156.21.82');
INSERT INTO evidence_access_logs (access_id, evidence_id, user_id, access_type, access_timestamp, ip_address) VALUES (69, 70, 37, 'view', '2024-12-30 17:09:58', '10.113.78.13');
INSERT INTO evidence_access_logs (access_id, evidence_id, user_id, access_type, access_timestamp, ip_address) VALUES (70, 87, 26, 'download', '2026-07-03 00:12:33', '10.46.113.111');
INSERT INTO evidence_access_logs (access_id, evidence_id, user_id, access_type, access_timestamp, ip_address) VALUES (71, 38, 26, 'view', '2026-03-11 16:02:44', '10.172.42.122');
INSERT INTO evidence_access_logs (access_id, evidence_id, user_id, access_type, access_timestamp, ip_address) VALUES (72, 74, 4, 'export', '2026-01-23 00:43:57', '10.134.43.103');
INSERT INTO evidence_access_logs (access_id, evidence_id, user_id, access_type, access_timestamp, ip_address) VALUES (73, 65, 28, 'view', '2026-05-09 02:16:17', '10.246.101.125');
INSERT INTO evidence_access_logs (access_id, evidence_id, user_id, access_type, access_timestamp, ip_address) VALUES (74, 51, 42, 'export', '2025-08-23 07:33:21', '10.126.124.19');
INSERT INTO evidence_access_logs (access_id, evidence_id, user_id, access_type, access_timestamp, ip_address) VALUES (75, 35, 28, 'view', '2024-09-26 04:19:50', '10.57.211.109');
INSERT INTO evidence_access_logs (access_id, evidence_id, user_id, access_type, access_timestamp, ip_address) VALUES (76, 47, 23, 'view', '2026-01-30 13:29:53', '10.176.12.198');
INSERT INTO evidence_access_logs (access_id, evidence_id, user_id, access_type, access_timestamp, ip_address) VALUES (77, 40, 11, 'view', '2026-06-06 07:35:45', '10.226.74.113');
INSERT INTO evidence_access_logs (access_id, evidence_id, user_id, access_type, access_timestamp, ip_address) VALUES (78, 6, 15, 'view', '2026-03-27 04:15:44', '10.79.43.29');
INSERT INTO evidence_access_logs (access_id, evidence_id, user_id, access_type, access_timestamp, ip_address) VALUES (79, 95, 4, 'view', '2026-06-17 12:46:13', '10.75.147.4');
INSERT INTO evidence_access_logs (access_id, evidence_id, user_id, access_type, access_timestamp, ip_address) VALUES (80, 44, 45, 'view', '2025-08-10 23:37:31', '10.230.241.6');
INSERT INTO evidence_access_logs (access_id, evidence_id, user_id, access_type, access_timestamp, ip_address) VALUES (81, 43, 14, 'export', '2026-04-22 13:42:18', '10.104.132.141');
INSERT INTO evidence_access_logs (access_id, evidence_id, user_id, access_type, access_timestamp, ip_address) VALUES (82, 62, 40, 'view', '2025-12-25 21:03:54', '10.9.192.150');
INSERT INTO evidence_access_logs (access_id, evidence_id, user_id, access_type, access_timestamp, ip_address) VALUES (83, 116, 43, 'export', '2024-05-31 13:07:36', '10.130.87.16');
INSERT INTO evidence_access_logs (access_id, evidence_id, user_id, access_type, access_timestamp, ip_address) VALUES (84, 37, 13, 'export', '2026-05-06 16:15:47', '10.27.238.168');
INSERT INTO evidence_access_logs (access_id, evidence_id, user_id, access_type, access_timestamp, ip_address) VALUES (85, 2, 5, 'download', '2026-06-27 14:02:59', '10.184.55.5');
INSERT INTO evidence_access_logs (access_id, evidence_id, user_id, access_type, access_timestamp, ip_address) VALUES (86, 38, 42, 'download', '2026-03-30 21:19:25', '10.194.50.232');
INSERT INTO evidence_access_logs (access_id, evidence_id, user_id, access_type, access_timestamp, ip_address) VALUES (87, 41, 32, 'export', '2026-06-22 19:18:46', '10.45.95.51');
INSERT INTO evidence_access_logs (access_id, evidence_id, user_id, access_type, access_timestamp, ip_address) VALUES (88, 65, 30, 'export', '2026-07-04 04:10:24', '10.11.20.64');
INSERT INTO evidence_access_logs (access_id, evidence_id, user_id, access_type, access_timestamp, ip_address) VALUES (89, 119, 34, 'view', '2026-04-23 13:05:39', '10.250.201.191');
INSERT INTO evidence_access_logs (access_id, evidence_id, user_id, access_type, access_timestamp, ip_address) VALUES (90, 21, 2, 'view', '2026-03-20 00:58:35', '10.180.181.161');
INSERT INTO evidence_access_logs (access_id, evidence_id, user_id, access_type, access_timestamp, ip_address) VALUES (91, 39, 16, 'export', '2026-01-31 03:22:18', '10.31.131.225');
INSERT INTO evidence_access_logs (access_id, evidence_id, user_id, access_type, access_timestamp, ip_address) VALUES (92, 50, 2, 'export', '2026-04-28 09:47:52', '10.115.77.88');
INSERT INTO evidence_access_logs (access_id, evidence_id, user_id, access_type, access_timestamp, ip_address) VALUES (93, 115, 26, 'view', '2025-07-04 04:37:03', '10.195.116.107');
INSERT INTO evidence_access_logs (access_id, evidence_id, user_id, access_type, access_timestamp, ip_address) VALUES (94, 31, 37, 'view', '2026-03-25 14:56:30', '10.159.168.115');
INSERT INTO evidence_access_logs (access_id, evidence_id, user_id, access_type, access_timestamp, ip_address) VALUES (95, 70, 9, 'view', '2026-05-20 13:56:36', '10.70.103.221');
INSERT INTO evidence_access_logs (access_id, evidence_id, user_id, access_type, access_timestamp, ip_address) VALUES (96, 18, 20, 'export', '2025-09-27 12:38:40', '10.220.74.168');
INSERT INTO evidence_access_logs (access_id, evidence_id, user_id, access_type, access_timestamp, ip_address) VALUES (97, 120, 37, 'view', '2025-11-14 14:33:30', '10.34.60.48');
INSERT INTO evidence_access_logs (access_id, evidence_id, user_id, access_type, access_timestamp, ip_address) VALUES (98, 41, 10, 'view', '2026-07-04 03:47:47', '10.163.211.247');
INSERT INTO evidence_access_logs (access_id, evidence_id, user_id, access_type, access_timestamp, ip_address) VALUES (99, 53, 20, 'download', '2026-06-16 15:55:26', '10.140.77.200');
INSERT INTO evidence_access_logs (access_id, evidence_id, user_id, access_type, access_timestamp, ip_address) VALUES (100, 25, 7, 'view', '2026-06-19 23:14:42', '10.13.136.156');
INSERT INTO evidence_access_logs (access_id, evidence_id, user_id, access_type, access_timestamp, ip_address) VALUES (101, 73, 40, 'view', '2025-12-04 04:58:08', '10.118.118.176');
INSERT INTO evidence_access_logs (access_id, evidence_id, user_id, access_type, access_timestamp, ip_address) VALUES (102, 4, 23, 'view', '2026-06-18 14:58:14', '10.244.68.129');
INSERT INTO evidence_access_logs (access_id, evidence_id, user_id, access_type, access_timestamp, ip_address) VALUES (103, 109, 39, 'download', '2026-07-05 07:41:43', '10.191.94.219');
INSERT INTO evidence_access_logs (access_id, evidence_id, user_id, access_type, access_timestamp, ip_address) VALUES (104, 50, 32, 'download', '2026-03-31 16:51:20', '10.83.98.58');
INSERT INTO evidence_access_logs (access_id, evidence_id, user_id, access_type, access_timestamp, ip_address) VALUES (105, 5, 27, 'view', '2025-11-05 14:31:50', '10.211.113.191');
INSERT INTO evidence_access_logs (access_id, evidence_id, user_id, access_type, access_timestamp, ip_address) VALUES (106, 86, 13, 'view', '2025-04-22 08:52:13', '10.90.224.222');
INSERT INTO evidence_access_logs (access_id, evidence_id, user_id, access_type, access_timestamp, ip_address) VALUES (107, 79, 32, 'view', '2026-05-25 09:15:20', '10.126.218.104');
INSERT INTO evidence_access_logs (access_id, evidence_id, user_id, access_type, access_timestamp, ip_address) VALUES (108, 100, 3, 'export', '2025-06-13 21:22:36', '10.160.201.157');
INSERT INTO evidence_access_logs (access_id, evidence_id, user_id, access_type, access_timestamp, ip_address) VALUES (109, 96, 37, 'export', '2026-05-05 02:41:01', '10.19.55.116');
INSERT INTO evidence_access_logs (access_id, evidence_id, user_id, access_type, access_timestamp, ip_address) VALUES (110, 59, 3, 'view', '2026-06-25 10:39:32', '10.202.20.143');
INSERT INTO evidence_access_logs (access_id, evidence_id, user_id, access_type, access_timestamp, ip_address) VALUES (111, 50, 34, 'view', '2026-04-10 20:46:00', '10.149.225.102');
INSERT INTO evidence_access_logs (access_id, evidence_id, user_id, access_type, access_timestamp, ip_address) VALUES (112, 114, 20, 'view', '2026-03-26 04:04:02', '10.85.216.76');
INSERT INTO evidence_access_logs (access_id, evidence_id, user_id, access_type, access_timestamp, ip_address) VALUES (113, 79, 4, 'export', '2025-09-22 11:32:19', '10.237.231.24');
INSERT INTO evidence_access_logs (access_id, evidence_id, user_id, access_type, access_timestamp, ip_address) VALUES (114, 93, 33, 'view', '2025-01-31 06:21:47', '10.69.201.106');
INSERT INTO evidence_access_logs (access_id, evidence_id, user_id, access_type, access_timestamp, ip_address) VALUES (115, 42, 29, 'view', '2026-04-11 17:38:04', '10.232.103.226');
INSERT INTO evidence_access_logs (access_id, evidence_id, user_id, access_type, access_timestamp, ip_address) VALUES (116, 59, 6, 'view', '2026-04-10 20:35:45', '10.83.63.24');
INSERT INTO evidence_access_logs (access_id, evidence_id, user_id, access_type, access_timestamp, ip_address) VALUES (117, 15, 29, 'view', '2025-12-30 03:06:52', '10.196.81.97');
INSERT INTO evidence_access_logs (access_id, evidence_id, user_id, access_type, access_timestamp, ip_address) VALUES (118, 71, 25, 'view', '2026-03-28 04:22:54', '10.171.76.42');
INSERT INTO evidence_access_logs (access_id, evidence_id, user_id, access_type, access_timestamp, ip_address) VALUES (119, 112, 10, 'view', '2026-05-29 17:03:39', '10.26.214.79');
INSERT INTO evidence_access_logs (access_id, evidence_id, user_id, access_type, access_timestamp, ip_address) VALUES (120, 40, 29, 'view', '2026-06-10 06:57:49', '10.92.60.231');
INSERT INTO evidence_access_logs (access_id, evidence_id, user_id, access_type, access_timestamp, ip_address) VALUES (121, 17, 13, 'view', '2026-05-13 21:20:29', '10.129.6.118');
INSERT INTO evidence_access_logs (access_id, evidence_id, user_id, access_type, access_timestamp, ip_address) VALUES (122, 64, 32, 'export', '2026-04-29 13:23:59', '10.252.121.56');
INSERT INTO evidence_access_logs (access_id, evidence_id, user_id, access_type, access_timestamp, ip_address) VALUES (123, 76, 43, 'download', '2026-05-14 05:08:57', '10.209.226.21');
INSERT INTO evidence_access_logs (access_id, evidence_id, user_id, access_type, access_timestamp, ip_address) VALUES (124, 77, 39, 'view', '2024-12-04 01:47:02', '10.142.106.13');
INSERT INTO evidence_access_logs (access_id, evidence_id, user_id, access_type, access_timestamp, ip_address) VALUES (125, 24, 10, 'view', '2026-01-09 02:12:04', '10.18.74.219');
INSERT INTO evidence_access_logs (access_id, evidence_id, user_id, access_type, access_timestamp, ip_address) VALUES (126, 5, 43, 'export', '2025-11-27 19:21:13', '10.169.44.13');
INSERT INTO evidence_access_logs (access_id, evidence_id, user_id, access_type, access_timestamp, ip_address) VALUES (127, 14, 27, 'view', '2025-04-12 07:30:23', '10.145.90.248');
INSERT INTO evidence_access_logs (access_id, evidence_id, user_id, access_type, access_timestamp, ip_address) VALUES (128, 59, 38, 'view', '2025-12-19 22:03:12', '10.47.153.83');
INSERT INTO evidence_access_logs (access_id, evidence_id, user_id, access_type, access_timestamp, ip_address) VALUES (129, 48, 25, 'view', '2026-06-17 15:17:52', '10.218.33.75');
INSERT INTO evidence_access_logs (access_id, evidence_id, user_id, access_type, access_timestamp, ip_address) VALUES (130, 61, 9, 'view', '2026-05-19 18:19:20', '10.140.168.135');

-- ----------------------------------------------------------------------------
-- 18. audit_logs
-- ----------------------------------------------------------------------------
INSERT INTO audit_logs (audit_id, table_name, record_id, action_type, old_value, new_value, changed_by, changed_at) VALUES (1, 'investigators', 34, 'UPDATE', '{"status": "previous_value"}', '{"status": "updated_value"}', 45, '2026-02-10 14:14:53');
INSERT INTO audit_logs (audit_id, table_name, record_id, action_type, old_value, new_value, changed_by, changed_at) VALUES (2, 'suspects', 4, 'INSERT', NULL, '{"status": "updated_value"}', 37, '2026-05-22 16:46:52');
INSERT INTO audit_logs (audit_id, table_name, record_id, action_type, old_value, new_value, changed_by, changed_at) VALUES (3, 'suspects', 6, 'UPDATE', '{"status": "previous_value"}', '{"status": "updated_value"}', 45, '2026-04-28 10:28:11');
INSERT INTO audit_logs (audit_id, table_name, record_id, action_type, old_value, new_value, changed_by, changed_at) VALUES (4, 'users', 28, 'DELETE', '{"status": "previous_value"}', NULL, 21, '2026-02-20 10:06:12');
INSERT INTO audit_logs (audit_id, table_name, record_id, action_type, old_value, new_value, changed_by, changed_at) VALUES (5, 'suspects', 37, 'DELETE', '{"status": "previous_value"}', NULL, 23, '2026-06-30 00:37:27');
INSERT INTO audit_logs (audit_id, table_name, record_id, action_type, old_value, new_value, changed_by, changed_at) VALUES (6, 'digital_evidence', 79, 'DELETE', '{"status": "previous_value"}', NULL, 32, '2026-04-11 22:00:16');
INSERT INTO audit_logs (audit_id, table_name, record_id, action_type, old_value, new_value, changed_by, changed_at) VALUES (7, 'investigators', 32, 'UPDATE', '{"status": "previous_value"}', '{"status": "updated_value"}', 40, '2026-02-15 04:33:41');
INSERT INTO audit_logs (audit_id, table_name, record_id, action_type, old_value, new_value, changed_by, changed_at) VALUES (8, 'users', 13, 'INSERT', NULL, '{"status": "updated_value"}', 8, '2026-01-05 15:47:11');
INSERT INTO audit_logs (audit_id, table_name, record_id, action_type, old_value, new_value, changed_by, changed_at) VALUES (9, 'investigators', 8, 'UPDATE', '{"status": "previous_value"}', '{"status": "updated_value"}', 40, '2026-03-22 12:19:32');
INSERT INTO audit_logs (audit_id, table_name, record_id, action_type, old_value, new_value, changed_by, changed_at) VALUES (10, 'investigators', 3, 'UPDATE', '{"status": "previous_value"}', '{"status": "updated_value"}', 23, '2026-04-19 19:43:31');
INSERT INTO audit_logs (audit_id, table_name, record_id, action_type, old_value, new_value, changed_by, changed_at) VALUES (11, 'digital_evidence', 2, 'UPDATE', '{"status": "previous_value"}', '{"status": "updated_value"}', 45, '2026-02-24 16:28:32');
INSERT INTO audit_logs (audit_id, table_name, record_id, action_type, old_value, new_value, changed_by, changed_at) VALUES (12, 'users', 5, 'UPDATE', '{"status": "previous_value"}', '{"status": "updated_value"}', 20, '2026-04-09 09:20:41');
INSERT INTO audit_logs (audit_id, table_name, record_id, action_type, old_value, new_value, changed_by, changed_at) VALUES (13, 'suspects', 21, 'INSERT', NULL, '{"status": "updated_value"}', 8, '2026-05-14 04:13:35');
INSERT INTO audit_logs (audit_id, table_name, record_id, action_type, old_value, new_value, changed_by, changed_at) VALUES (14, 'users', 22, 'UPDATE', '{"status": "previous_value"}', '{"status": "updated_value"}', 37, '2026-04-30 14:44:13');
INSERT INTO audit_logs (audit_id, table_name, record_id, action_type, old_value, new_value, changed_by, changed_at) VALUES (15, 'cases', 12, 'UPDATE', '{"status": "previous_value"}', '{"status": "updated_value"}', 22, '2026-06-11 21:54:27');
INSERT INTO audit_logs (audit_id, table_name, record_id, action_type, old_value, new_value, changed_by, changed_at) VALUES (16, 'users', 44, 'UPDATE', '{"status": "previous_value"}', '{"status": "updated_value"}', 31, '2026-06-04 19:28:29');
INSERT INTO audit_logs (audit_id, table_name, record_id, action_type, old_value, new_value, changed_by, changed_at) VALUES (17, 'cases', 42, 'UPDATE', '{"status": "previous_value"}', '{"status": "updated_value"}', 31, '2026-01-31 04:09:09');
INSERT INTO audit_logs (audit_id, table_name, record_id, action_type, old_value, new_value, changed_by, changed_at) VALUES (18, 'investigators', 35, 'UPDATE', '{"status": "previous_value"}', '{"status": "updated_value"}', 30, '2026-06-02 05:39:13');
INSERT INTO audit_logs (audit_id, table_name, record_id, action_type, old_value, new_value, changed_by, changed_at) VALUES (19, 'investigators', 4, 'DELETE', '{"status": "previous_value"}', NULL, 20, '2026-04-20 16:49:24');
INSERT INTO audit_logs (audit_id, table_name, record_id, action_type, old_value, new_value, changed_by, changed_at) VALUES (20, 'users', 36, 'DELETE', '{"status": "previous_value"}', NULL, 2, '2026-02-10 10:34:24');
INSERT INTO audit_logs (audit_id, table_name, record_id, action_type, old_value, new_value, changed_by, changed_at) VALUES (21, 'suspects', 44, 'UPDATE', '{"status": "previous_value"}', '{"status": "updated_value"}', 23, '2026-01-13 20:34:30');
INSERT INTO audit_logs (audit_id, table_name, record_id, action_type, old_value, new_value, changed_by, changed_at) VALUES (22, 'digital_evidence', 36, 'INSERT', NULL, '{"status": "updated_value"}', 22, '2026-03-14 20:44:55');
INSERT INTO audit_logs (audit_id, table_name, record_id, action_type, old_value, new_value, changed_by, changed_at) VALUES (23, 'suspects', 11, 'DELETE', '{"status": "previous_value"}', NULL, 39, '2026-03-17 15:30:37');
INSERT INTO audit_logs (audit_id, table_name, record_id, action_type, old_value, new_value, changed_by, changed_at) VALUES (24, 'digital_evidence', 77, 'INSERT', NULL, '{"status": "updated_value"}', 20, '2026-05-17 22:46:43');
INSERT INTO audit_logs (audit_id, table_name, record_id, action_type, old_value, new_value, changed_by, changed_at) VALUES (25, 'users', 3, 'UPDATE', '{"status": "previous_value"}', '{"status": "updated_value"}', 27, '2026-01-17 20:30:25');
INSERT INTO audit_logs (audit_id, table_name, record_id, action_type, old_value, new_value, changed_by, changed_at) VALUES (26, 'investigators', 16, 'UPDATE', '{"status": "previous_value"}', '{"status": "updated_value"}', 29, '2026-06-11 01:33:07');
INSERT INTO audit_logs (audit_id, table_name, record_id, action_type, old_value, new_value, changed_by, changed_at) VALUES (27, 'users', 14, 'DELETE', '{"status": "previous_value"}', NULL, 20, '2026-02-03 23:37:06');
INSERT INTO audit_logs (audit_id, table_name, record_id, action_type, old_value, new_value, changed_by, changed_at) VALUES (28, 'cases', 24, 'INSERT', NULL, '{"status": "updated_value"}', 13, '2026-06-27 08:32:14');
INSERT INTO audit_logs (audit_id, table_name, record_id, action_type, old_value, new_value, changed_by, changed_at) VALUES (29, 'cases', 29, 'DELETE', '{"status": "previous_value"}', NULL, 2, '2026-06-05 03:43:39');
INSERT INTO audit_logs (audit_id, table_name, record_id, action_type, old_value, new_value, changed_by, changed_at) VALUES (30, 'investigators', 33, 'UPDATE', '{"status": "previous_value"}', '{"status": "updated_value"}', 13, '2026-03-08 01:03:17');
INSERT INTO audit_logs (audit_id, table_name, record_id, action_type, old_value, new_value, changed_by, changed_at) VALUES (31, 'investigators', 34, 'UPDATE', '{"status": "previous_value"}', '{"status": "updated_value"}', 21, '2026-01-28 19:48:11');
INSERT INTO audit_logs (audit_id, table_name, record_id, action_type, old_value, new_value, changed_by, changed_at) VALUES (32, 'cases', 34, 'UPDATE', '{"status": "previous_value"}', '{"status": "updated_value"}', 14, '2026-05-21 16:44:38');
INSERT INTO audit_logs (audit_id, table_name, record_id, action_type, old_value, new_value, changed_by, changed_at) VALUES (33, 'cases', 30, 'UPDATE', '{"status": "previous_value"}', '{"status": "updated_value"}', 34, '2026-01-23 11:50:05');
INSERT INTO audit_logs (audit_id, table_name, record_id, action_type, old_value, new_value, changed_by, changed_at) VALUES (34, 'cases', 20, 'INSERT', NULL, '{"status": "updated_value"}', 44, '2026-06-14 16:32:39');
INSERT INTO audit_logs (audit_id, table_name, record_id, action_type, old_value, new_value, changed_by, changed_at) VALUES (35, 'suspects', 6, 'UPDATE', '{"status": "previous_value"}', '{"status": "updated_value"}', 30, '2026-06-22 15:54:23');
INSERT INTO audit_logs (audit_id, table_name, record_id, action_type, old_value, new_value, changed_by, changed_at) VALUES (36, 'cases', 7, 'DELETE', '{"status": "previous_value"}', NULL, 43, '2026-05-25 18:32:12');
INSERT INTO audit_logs (audit_id, table_name, record_id, action_type, old_value, new_value, changed_by, changed_at) VALUES (37, 'users', 2, 'DELETE', '{"status": "previous_value"}', NULL, 20, '2026-05-05 01:15:38');
INSERT INTO audit_logs (audit_id, table_name, record_id, action_type, old_value, new_value, changed_by, changed_at) VALUES (38, 'digital_evidence', 42, 'UPDATE', '{"status": "previous_value"}', '{"status": "updated_value"}', 13, '2026-02-25 15:30:02');
INSERT INTO audit_logs (audit_id, table_name, record_id, action_type, old_value, new_value, changed_by, changed_at) VALUES (39, 'users', 35, 'UPDATE', '{"status": "previous_value"}', '{"status": "updated_value"}', 29, '2026-05-11 07:39:53');
INSERT INTO audit_logs (audit_id, table_name, record_id, action_type, old_value, new_value, changed_by, changed_at) VALUES (40, 'cases', 18, 'UPDATE', '{"status": "previous_value"}', '{"status": "updated_value"}', 11, '2026-02-23 03:14:25');
INSERT INTO audit_logs (audit_id, table_name, record_id, action_type, old_value, new_value, changed_by, changed_at) VALUES (41, 'cases', 1, 'DELETE', '{"status": "previous_value"}', NULL, 36, '2026-04-10 19:41:46');
INSERT INTO audit_logs (audit_id, table_name, record_id, action_type, old_value, new_value, changed_by, changed_at) VALUES (42, 'cases', 14, 'DELETE', '{"status": "previous_value"}', NULL, 23, '2026-04-17 16:13:46');
INSERT INTO audit_logs (audit_id, table_name, record_id, action_type, old_value, new_value, changed_by, changed_at) VALUES (43, 'users', 18, 'UPDATE', '{"status": "previous_value"}', '{"status": "updated_value"}', 19, '2026-04-22 11:25:13');
INSERT INTO audit_logs (audit_id, table_name, record_id, action_type, old_value, new_value, changed_by, changed_at) VALUES (44, 'digital_evidence', 22, 'INSERT', NULL, '{"status": "updated_value"}', 20, '2026-04-30 02:00:43');
INSERT INTO audit_logs (audit_id, table_name, record_id, action_type, old_value, new_value, changed_by, changed_at) VALUES (45, 'users', 35, 'UPDATE', '{"status": "previous_value"}', '{"status": "updated_value"}', 4, '2026-01-26 06:11:19');
INSERT INTO audit_logs (audit_id, table_name, record_id, action_type, old_value, new_value, changed_by, changed_at) VALUES (46, 'cases', 31, 'INSERT', NULL, '{"status": "updated_value"}', 7, '2026-03-16 11:42:14');
INSERT INTO audit_logs (audit_id, table_name, record_id, action_type, old_value, new_value, changed_by, changed_at) VALUES (47, 'cases', 6, 'UPDATE', '{"status": "previous_value"}', '{"status": "updated_value"}', 26, '2026-02-04 18:07:16');
INSERT INTO audit_logs (audit_id, table_name, record_id, action_type, old_value, new_value, changed_by, changed_at) VALUES (48, 'suspects', 38, 'UPDATE', '{"status": "previous_value"}', '{"status": "updated_value"}', 40, '2026-03-11 01:19:45');
INSERT INTO audit_logs (audit_id, table_name, record_id, action_type, old_value, new_value, changed_by, changed_at) VALUES (49, 'users', 22, 'UPDATE', '{"status": "previous_value"}', '{"status": "updated_value"}', 43, '2026-06-07 03:36:37');
INSERT INTO audit_logs (audit_id, table_name, record_id, action_type, old_value, new_value, changed_by, changed_at) VALUES (50, 'suspects', 6, 'UPDATE', '{"status": "previous_value"}', '{"status": "updated_value"}', 37, '2026-01-26 14:12:37');
INSERT INTO audit_logs (audit_id, table_name, record_id, action_type, old_value, new_value, changed_by, changed_at) VALUES (51, 'cases', 45, 'UPDATE', '{"status": "previous_value"}', '{"status": "updated_value"}', 7, '2026-03-30 11:10:34');
INSERT INTO audit_logs (audit_id, table_name, record_id, action_type, old_value, new_value, changed_by, changed_at) VALUES (52, 'users', 44, 'UPDATE', '{"status": "previous_value"}', '{"status": "updated_value"}', 31, '2026-02-14 23:46:23');
INSERT INTO audit_logs (audit_id, table_name, record_id, action_type, old_value, new_value, changed_by, changed_at) VALUES (53, 'digital_evidence', 19, 'DELETE', '{"status": "previous_value"}', NULL, 17, '2026-06-27 06:14:36');
INSERT INTO audit_logs (audit_id, table_name, record_id, action_type, old_value, new_value, changed_by, changed_at) VALUES (54, 'users', 26, 'UPDATE', '{"status": "previous_value"}', '{"status": "updated_value"}', 45, '2026-06-28 02:45:43');
INSERT INTO audit_logs (audit_id, table_name, record_id, action_type, old_value, new_value, changed_by, changed_at) VALUES (55, 'users', 21, 'UPDATE', '{"status": "previous_value"}', '{"status": "updated_value"}', 32, '2026-01-06 21:02:27');
INSERT INTO audit_logs (audit_id, table_name, record_id, action_type, old_value, new_value, changed_by, changed_at) VALUES (56, 'cases', 31, 'INSERT', NULL, '{"status": "updated_value"}', 23, '2026-04-03 22:40:49');
INSERT INTO audit_logs (audit_id, table_name, record_id, action_type, old_value, new_value, changed_by, changed_at) VALUES (57, 'investigators', 11, 'UPDATE', '{"status": "previous_value"}', '{"status": "updated_value"}', 23, '2026-04-28 08:53:44');
INSERT INTO audit_logs (audit_id, table_name, record_id, action_type, old_value, new_value, changed_by, changed_at) VALUES (58, 'suspects', 9, 'DELETE', '{"status": "previous_value"}', NULL, 7, '2026-03-20 18:38:01');
INSERT INTO audit_logs (audit_id, table_name, record_id, action_type, old_value, new_value, changed_by, changed_at) VALUES (59, 'cases', 21, 'DELETE', '{"status": "previous_value"}', NULL, 42, '2026-01-14 18:31:47');
INSERT INTO audit_logs (audit_id, table_name, record_id, action_type, old_value, new_value, changed_by, changed_at) VALUES (60, 'users', 35, 'UPDATE', '{"status": "previous_value"}', '{"status": "updated_value"}', 26, '2026-04-25 16:05:49');
INSERT INTO audit_logs (audit_id, table_name, record_id, action_type, old_value, new_value, changed_by, changed_at) VALUES (61, 'investigators', 16, 'DELETE', '{"status": "previous_value"}', NULL, 16, '2026-04-17 09:37:39');
INSERT INTO audit_logs (audit_id, table_name, record_id, action_type, old_value, new_value, changed_by, changed_at) VALUES (62, 'digital_evidence', 62, 'UPDATE', '{"status": "previous_value"}', '{"status": "updated_value"}', 5, '2026-03-08 03:50:35');
INSERT INTO audit_logs (audit_id, table_name, record_id, action_type, old_value, new_value, changed_by, changed_at) VALUES (63, 'digital_evidence', 105, 'DELETE', '{"status": "previous_value"}', NULL, 28, '2026-06-02 07:10:04');
INSERT INTO audit_logs (audit_id, table_name, record_id, action_type, old_value, new_value, changed_by, changed_at) VALUES (64, 'investigators', 22, 'DELETE', '{"status": "previous_value"}', NULL, 45, '2026-02-15 20:33:32');
INSERT INTO audit_logs (audit_id, table_name, record_id, action_type, old_value, new_value, changed_by, changed_at) VALUES (65, 'digital_evidence', 85, 'INSERT', NULL, '{"status": "updated_value"}', 37, '2026-06-12 11:31:45');
INSERT INTO audit_logs (audit_id, table_name, record_id, action_type, old_value, new_value, changed_by, changed_at) VALUES (66, 'investigators', 8, 'DELETE', '{"status": "previous_value"}', NULL, 39, '2026-03-31 21:18:34');
INSERT INTO audit_logs (audit_id, table_name, record_id, action_type, old_value, new_value, changed_by, changed_at) VALUES (67, 'users', 36, 'INSERT', NULL, '{"status": "updated_value"}', 29, '2026-02-04 05:01:49');
INSERT INTO audit_logs (audit_id, table_name, record_id, action_type, old_value, new_value, changed_by, changed_at) VALUES (68, 'users', 26, 'INSERT', NULL, '{"status": "updated_value"}', 39, '2026-01-22 02:47:12');
INSERT INTO audit_logs (audit_id, table_name, record_id, action_type, old_value, new_value, changed_by, changed_at) VALUES (69, 'suspects', 25, 'UPDATE', '{"status": "previous_value"}', '{"status": "updated_value"}', 32, '2026-05-06 05:52:01');
INSERT INTO audit_logs (audit_id, table_name, record_id, action_type, old_value, new_value, changed_by, changed_at) VALUES (70, 'cases', 6, 'UPDATE', '{"status": "previous_value"}', '{"status": "updated_value"}', 9, '2026-06-22 06:56:18');
INSERT INTO audit_logs (audit_id, table_name, record_id, action_type, old_value, new_value, changed_by, changed_at) VALUES (71, 'suspects', 41, 'INSERT', NULL, '{"status": "updated_value"}', 10, '2026-05-09 07:55:49');
INSERT INTO audit_logs (audit_id, table_name, record_id, action_type, old_value, new_value, changed_by, changed_at) VALUES (72, 'digital_evidence', 58, 'DELETE', '{"status": "previous_value"}', NULL, 19, '2026-03-17 17:27:03');
INSERT INTO audit_logs (audit_id, table_name, record_id, action_type, old_value, new_value, changed_by, changed_at) VALUES (73, 'suspects', 37, 'UPDATE', '{"status": "previous_value"}', '{"status": "updated_value"}', 13, '2026-02-09 22:27:10');
INSERT INTO audit_logs (audit_id, table_name, record_id, action_type, old_value, new_value, changed_by, changed_at) VALUES (74, 'users', 20, 'DELETE', '{"status": "previous_value"}', NULL, 44, '2026-03-01 03:18:23');
INSERT INTO audit_logs (audit_id, table_name, record_id, action_type, old_value, new_value, changed_by, changed_at) VALUES (75, 'investigators', 23, 'INSERT', NULL, '{"status": "updated_value"}', 38, '2026-01-02 13:50:18');
INSERT INTO audit_logs (audit_id, table_name, record_id, action_type, old_value, new_value, changed_by, changed_at) VALUES (76, 'suspects', 33, 'UPDATE', '{"status": "previous_value"}', '{"status": "updated_value"}', 9, '2026-06-15 12:57:43');
INSERT INTO audit_logs (audit_id, table_name, record_id, action_type, old_value, new_value, changed_by, changed_at) VALUES (77, 'users', 4, 'UPDATE', '{"status": "previous_value"}', '{"status": "updated_value"}', 36, '2026-01-11 07:35:28');
INSERT INTO audit_logs (audit_id, table_name, record_id, action_type, old_value, new_value, changed_by, changed_at) VALUES (78, 'cases', 46, 'DELETE', '{"status": "previous_value"}', NULL, 23, '2026-01-22 07:13:52');
INSERT INTO audit_logs (audit_id, table_name, record_id, action_type, old_value, new_value, changed_by, changed_at) VALUES (79, 'users', 2, 'UPDATE', '{"status": "previous_value"}', '{"status": "updated_value"}', 28, '2026-05-17 08:35:28');
INSERT INTO audit_logs (audit_id, table_name, record_id, action_type, old_value, new_value, changed_by, changed_at) VALUES (80, 'suspects', 26, 'UPDATE', '{"status": "previous_value"}', '{"status": "updated_value"}', 25, '2026-03-20 20:14:57');
INSERT INTO audit_logs (audit_id, table_name, record_id, action_type, old_value, new_value, changed_by, changed_at) VALUES (81, 'investigators', 28, 'DELETE', '{"status": "previous_value"}', NULL, 14, '2026-05-09 15:24:56');
INSERT INTO audit_logs (audit_id, table_name, record_id, action_type, old_value, new_value, changed_by, changed_at) VALUES (82, 'digital_evidence', 61, 'UPDATE', '{"status": "previous_value"}', '{"status": "updated_value"}', 13, '2026-04-18 20:27:07');
INSERT INTO audit_logs (audit_id, table_name, record_id, action_type, old_value, new_value, changed_by, changed_at) VALUES (83, 'investigators', 24, 'UPDATE', '{"status": "previous_value"}', '{"status": "updated_value"}', 10, '2026-02-26 00:22:18');
INSERT INTO audit_logs (audit_id, table_name, record_id, action_type, old_value, new_value, changed_by, changed_at) VALUES (84, 'digital_evidence', 18, 'INSERT', NULL, '{"status": "updated_value"}', 5, '2026-05-06 21:42:46');
INSERT INTO audit_logs (audit_id, table_name, record_id, action_type, old_value, new_value, changed_by, changed_at) VALUES (85, 'cases', 10, 'UPDATE', '{"status": "previous_value"}', '{"status": "updated_value"}', 43, '2026-03-26 19:19:59');
INSERT INTO audit_logs (audit_id, table_name, record_id, action_type, old_value, new_value, changed_by, changed_at) VALUES (86, 'digital_evidence', 11, 'UPDATE', '{"status": "previous_value"}', '{"status": "updated_value"}', 42, '2026-06-06 11:57:36');
INSERT INTO audit_logs (audit_id, table_name, record_id, action_type, old_value, new_value, changed_by, changed_at) VALUES (87, 'investigators', 30, 'DELETE', '{"status": "previous_value"}', NULL, 28, '2026-05-02 00:32:54');
INSERT INTO audit_logs (audit_id, table_name, record_id, action_type, old_value, new_value, changed_by, changed_at) VALUES (88, 'digital_evidence', 59, 'DELETE', '{"status": "previous_value"}', NULL, 28, '2026-04-18 04:44:22');
INSERT INTO audit_logs (audit_id, table_name, record_id, action_type, old_value, new_value, changed_by, changed_at) VALUES (89, 'investigators', 25, 'UPDATE', '{"status": "previous_value"}', '{"status": "updated_value"}', 15, '2026-02-06 01:50:56');
INSERT INTO audit_logs (audit_id, table_name, record_id, action_type, old_value, new_value, changed_by, changed_at) VALUES (90, 'investigators', 1, 'DELETE', '{"status": "previous_value"}', NULL, 32, '2026-06-14 10:23:31');
INSERT INTO audit_logs (audit_id, table_name, record_id, action_type, old_value, new_value, changed_by, changed_at) VALUES (91, 'digital_evidence', 92, 'DELETE', '{"status": "previous_value"}', NULL, 18, '2026-03-21 18:38:34');
INSERT INTO audit_logs (audit_id, table_name, record_id, action_type, old_value, new_value, changed_by, changed_at) VALUES (92, 'suspects', 37, 'UPDATE', '{"status": "previous_value"}', '{"status": "updated_value"}', 3, '2026-01-08 08:27:49');
INSERT INTO audit_logs (audit_id, table_name, record_id, action_type, old_value, new_value, changed_by, changed_at) VALUES (93, 'suspects', 31, 'UPDATE', '{"status": "previous_value"}', '{"status": "updated_value"}', 8, '2026-04-23 16:14:54');
INSERT INTO audit_logs (audit_id, table_name, record_id, action_type, old_value, new_value, changed_by, changed_at) VALUES (94, 'investigators', 6, 'UPDATE', '{"status": "previous_value"}', '{"status": "updated_value"}', 34, '2026-06-16 20:51:51');
INSERT INTO audit_logs (audit_id, table_name, record_id, action_type, old_value, new_value, changed_by, changed_at) VALUES (95, 'users', 30, 'DELETE', '{"status": "previous_value"}', NULL, 6, '2026-04-12 15:01:09');
INSERT INTO audit_logs (audit_id, table_name, record_id, action_type, old_value, new_value, changed_by, changed_at) VALUES (96, 'suspects', 6, 'UPDATE', '{"status": "previous_value"}', '{"status": "updated_value"}', 31, '2026-05-03 11:06:06');
INSERT INTO audit_logs (audit_id, table_name, record_id, action_type, old_value, new_value, changed_by, changed_at) VALUES (97, 'cases', 44, 'DELETE', '{"status": "previous_value"}', NULL, 38, '2026-03-02 16:21:15');
INSERT INTO audit_logs (audit_id, table_name, record_id, action_type, old_value, new_value, changed_by, changed_at) VALUES (98, 'suspects', 4, 'UPDATE', '{"status": "previous_value"}', '{"status": "updated_value"}', 35, '2026-06-01 04:11:57');
INSERT INTO audit_logs (audit_id, table_name, record_id, action_type, old_value, new_value, changed_by, changed_at) VALUES (99, 'cases', 31, 'UPDATE', '{"status": "previous_value"}', '{"status": "updated_value"}', 33, '2026-06-25 22:31:21');
INSERT INTO audit_logs (audit_id, table_name, record_id, action_type, old_value, new_value, changed_by, changed_at) VALUES (100, 'investigators', 22, 'UPDATE', '{"status": "previous_value"}', '{"status": "updated_value"}', 23, '2026-06-04 23:59:23');

SET FOREIGN_KEY_CHECKS = 1;

-- ============================================================================
-- END OF PHASE 6 SAMPLE DATA
-- ============================================================================